#bucket	n_keys	sample_key	chinese_text
A-markup	6	Story/D_8_2_6_2_4_015	{size=50}是！！{/size}
A-markup	6	Story/D_8_3_1_2_2_036	{size=50}武林盟的全给我住手！{/size}
A-markup	4	Story/D_8_1_1_2_022	{size=50}噢！！{/size}
A-markup	4	Story/D_8_1_1_4_065	{size=50}冲下山去，战他娘亲！{/size}
A-markup	4	Story/D_8_2_3_016	{size=50}是！{/size}
A-markup	4	Story/D_8_3_2_2_2_027	{size=40}你们武林盟军师南宫家主落在我手上！{/size}\n{size=40}你们还不住手罢斗？{/size}
A-markup	3	Story/D_8_1_1_1_130	{size=50}什么？！{/size}
A-markup	3	Story/D_4_6_13_163	{size=60}！！{/size}
A-markup	2	Story/D_7_5_3_1_268	{size=50}战他娘亲！！{/size}
A-markup	2	Story/D_8_2_5_6_1_013	{size=24}你管。{/size}
A-markup	2	Story/D_8_2_6_1_004	{size=50}唐门！！{/size}
A-markup	2	Story/D_8_2_6_7_075	{punch=0.2,2}嗡嗡嗡嗡嗡。{/punch}
A-markup	2	Story/D_8_6_3_2_133	{size=50}鬼呀！！{/size}
A-markup	2	Story/D_S0020_02_04_118	{size=50}我？！{/size}
A-markup	2	Story/D_8_3_1_2_2_037	{size=40}上官家主在我手上！{/size}\n{size=40}我要一～刀子捅死了御使大人，你们猜猜会怎样？{/size}
A-markup	2	Story/D_8_3_1_2_3_032	{size=50}敬告各位武林盟的蠢蛋，在下唐布衣！{/size}
A-markup	2	Story/D_8_3_1_3_2_036	{size=24}这个不能说！这个千万不能说，我会被捅死！{/size}
A-markup	2	Story/D_8_3_2_2_3_030	{size=50}什么鬼！！{/size}
A-markup	2	Story/D_8_8_1_069	{size=24}你干嘛刺激人家，别说了，别说了。{/size}
A-markup	2	Story/D_2_4_10_3_057	{size=24}快还他，快还他，我可没碰喔，是你抢的喔。{/size}
A-markup	2	Story/D_3_1_6_3_049	{size=50}赵逵！{/size}
A-markup	2	Story/D_0_1_019	{size=24}师兄他怪怪的，快去把李大夫请回来。{/size}
A-markup	2	Story/D_0_1_031	{size=24}你们先出去吧。{/size}
A-markup	2	Story/D_0_Meet_Option_03_02_02_034	{size=24}以招换招……。{/size}
A-markup	2	Story/D_0_Meet_Option_04_01_01_001	{size=24}四师兄，你放水也太过头了吧。{/size}
A-markup	2	Story/D_2_2_5_4_092	{size=40}我要将你碎尸万段！！{/size}
A-markup	2	Story/D_4_3_2_079	{size=24}不许你再恶狠狠的瞪着我。{/size}
A-markup	2	Story/D_4_9_3_3_034	{size=24}赵活，我回崆峒去了。{/size}\n{size=24}今天过来，是想和你道别的。{/size}
A-markup	2	Story/D_6_5_4_092	{size=50}岳家旧部，红篷王麾下六路联军，{/size}\n{size=50}推举叶云舟入阵！{/size}
A-markup	2	Story/D_6_6_2_Break_01_311	{size=50}你、你说啥！{/size}
A-markup	2	Story/N_Meet_Option_01_01_002	{size=40}门派规模升级{/size}
A-markup	2	Story/N_Meet_Option_01_01_007	{size=40}容纳门人上升{/size}
A-markup	1	Story/D_Section_01_Free_06_02_301_03_005	{size=24}走了啦！{/size}
A-markup	1	Story/D_Section_01_Free_06_03_01_004	{size=40}像你这种软脚虾决斗者，没有资格参加我崆峒举办的死亡擂台大赛！！{/size}
A-markup	1	Story/B_Study_001_002	{color=#FF7979}为防剧透，本次试玩版中，三师兄将被无情封口。{/color}
A-markup	1	Story/D_Talk_Girl5_02_039	{size=24}嫁……好了……。{/size}
A-markup	1	Story/D_Talk_Girl5_02_041	{size=24}只要赵师兄不嫌弃我……我也……宁可和赵师兄一起……。{/size}\n{size=24}胜过和终日逞凶斗狠的江湖俗人……何况我也没得选……。{/size}\n{size=24}我若不从的话……师姐就要杀我的……可不是我自己不知廉耻。{/size}
A-markup	1	Story/D_Talk_Girl5_02_043	{size=24}小女子来日相夫，必助夫君成材。{/size}
A-markup	1	Story/D_Talk_Girl5_02_092	{size=50}俺是男的！俺是──男的！！汪汪汪汪汪！{/size}
A-markup	1	Story/D_Talk_Girl5_02_178	{size=24}赵活……帮、帮帮我。{/size}
A-markup	1	Story/D_Talk_Girl5_02_05_025	{size=24}师父，俺……我是女子。{/size}
A-markup	1	Story/D_Travel_Result_310_501_004	{size=24}师弟，你说呢？{/size}\n{size=24}你替我拿主意，我来承担便是。{/size}
A-markup	1	Story/D_Travel_310_503_Break_006	{size=24}你该不会是怀疑，此店是间黑店吧？{/size}
A-markup	1	Story/D_Travel_601_903_039	{size=24}师兄一看见美貌姑娘就这么客气！{/size}
A-markup	1	Story/D_Travel_601_903_040	{size=24}畜生！禽兽！他定是觊觎魏掌门美色，想跟人家生宝宝！{/size}
A-markup	1	Story/D_Travel_601_903_060	{size=24}闭嘴吧你，没看他们有多少人吗？{/size}\n{size=24}我小腿肚都在打颤了，快走快走。{/size}
A-markup	1	Story/D_Travel_601_903_144	{size=24}……但是奴家听了很是欢喜。{/size}
A-markup	1	Story/D_7_3_2_1_064	{size=50}对，战他娘亲！！{/size}
A-markup	1	Story/D_7_3_2_6_016	{size=50}！！{/size}
A-markup	1	Story/D_7_5_2_2_022	{size=24}走啦，走啦。{/size}
A-markup	1	Story/D_7_5_2_4_037	{size=24}为了小师妹的将来，我们是不是应该趁现在跟他拚了？{/size}\n{size=24}宰了这家伙，再劝小师妹重新找过一个靠得住的。{/size}
A-markup	1	Story/D_7_5_2_8_004	{size=50}隐居山中的蒙面前辈！{/size}
A-markup	1	Story/D_7_5_3_1_016	{size=50}唐门薪火，自古如今！！{/size}
A-markup	1	Story/D_7_5_3_1_049	{size=50}？！{/size}
A-markup	1	Story/D_7_5_3_1_214	{size=24}别担心我，我才没那么脆弱。{/size}
A-markup	1	Story/D_7_5_3_1_225	{size=24}死人，快帮我说话呀，我还是不是你的人呀。{/size}
A-markup	1	Story/D_7_5_3_1_288	{size=50}共抗武林盟！贯彻唐门风骨！{/size}
A-markup	1	Story/D_7_5_3_1_293	{size=50}打架！！{/size}
A-markup	1	Story/D_7_5_4_4_2_020	{size=24}然后你说要给我打的脚镣，也得打好。{/size}\n{size=24}我乐意让你铐着，哪儿也不去。{/size}
A-markup	1	Story/D_7_5_4_4_2_022	{size=24}坏人。{/size}
A-markup	1	Story/D_7_5_4_8_162	{size=24}然后人家对你，跟你对我的一样喔。{/size}
A-markup	1	Story/D_7_5_4_8_021	{size=50}哈──？！{/size}
A-markup	1	Story/D_7_5_5_6_116	{size=24}你怕我在崆峒吃苦，每回过来都硬要把钱财往我掌心里塞。{/size}\n{size=24}我都默默收着，如今你正是用钱之际，可别跟我推辞，不然小妹要生气的。」{/size}
A-markup	1	Story/D_7_5_5_7_032	{size=24}我其实……我其实很倾慕你，心悦于你。{/size}\n{size=24}能够以你的夫人自居，每日清醒都有不胜之喜。{/size}\n{size=24}想要和你执手白头，老来含饴弄孙。{/size}
A-markup	1	Story/D_7_5_6_2_057	{size=24}现在冷静下来了，见你心就暖暖的。{/size}\n{size=24}反悔呢，是不可能反悔的。{/size}
A-markup	1	Story/D_8_1_1_1_079	{size=50}你说啥？！{/size}
A-markup	1	Story/D_8_1_1_1_155	{size=24}你千万别食言，一定要来找我。{/size}
A-markup	1	Story/D_8_1_1_2_067	{size=50}谭某三人，仰慕唐门三大高手威名，特此登门讨教！{/size}
A-markup	1	Story/D_8_1_2_026	{size=50}道士下山，降妖除魔！{/size}
A-markup	1	Story/D_8_1_2_159	{size=30}女侠止步！你再不停下，我、我可要动手了！{/size}
A-markup	1	Story/D_8_1_2_2_026	{size=24}赵兄，你……你这话也说得？快别说了。{/size}\n{size=24}教宋大人听去，说你蔑视朝廷、有不臣之心，那还得了？{/size}\n{size=24}难道你就不怕治罪杀头吗？{/size}
A-markup	1	Story/D_8_1_2_2_056	{size=50}敢为弱者挺身而出，打抱不平！！{/size}
A-markup	1	Story/D_8_1_2_3_011	{size=24}我凭着家父、祖父的余荫，才能勉强稳住武林盟的人马。{/size}\n{size=24}你当真不领情吗。{/size}
A-markup	1	Story/D_8_1_2_4_075	{size=50}大师兄！{/size}
A-markup	1	Story/D_8_2_1_045	{size=24}快少说几句吧你，是多怕别人不知道你这大老粗没见识！{/size}
A-markup	1	Story/D_8_2_1_243	{size=50}师父！！{/size}
A-markup	1	Story/D_8_2_1_245	{size=50}我大雪山派在此宣言，加盟西武林盟！{/size}
A-markup	1	Story/D_8_2_1_249	{size=50}江湖第一美人夏侯兰是我赵活的妻子！{/size}
A-markup	1	Story/D_8_2_1_1_021	{size=50}小梅！{/size}
A-markup	1	Story/D_8_2_2_012	{size=24}不行，本梅心胸狭窄，吃了亏，就一定要报复回来。{/size}\n{size=24}在你害臊的地方狠狠咬上一口，真咬会留疤的那种，你做好觉悟吧。{/size}
A-markup	1	Story/D_8_2_5_1_032	{size=50}唐门赵活在此！{/size}\n{size=50}一夫当关，万夫莫开！看谁敢犯我唐家大院！{/size}
A-markup	1	Story/D_8_2_6_2_2_004	{size=50}噢────！！{/size}
A-markup	1	Story/D_8_2_6_2_2_023	{size=24}没声音了。{/size}
A-markup	1	Story/D_8_2_6_2_5_002	{size=50}喝！！{/size}
A-markup	1	Story/D_8_2_6_3_1_003	{size=50}夹他妈的！！{/size}
A-markup	1	Story/D_8_2_6_3_2_005	{size=50}是屎啊！！{/size}
A-markup	1	Story/D_8_2_6_6_1_003	{size=50}不！不……不好了！师兄！{/size}
A-markup	1	Story/D_8_2_6_7_047	{size=24}……你抱我啊，用背的也可以。{/size}
A-markup	1	Story/D_8_2_6_7_069	{size=50}请！{/size}
A-markup	1	Story/D_8_2_6_7_082	{size=50}到此为止了！恶徒！{/size}
A-markup	1	Story/D_8_2_6_7_085	{punch=0.2,1}{size=50}嵩山寺十八铜人！喝！{/size}{/punch}
A-markup	1	Story/D_8_5_1_020	{size=24}喂，瞎眼了你？那可是上官大人的千金。{/size}\n{size=24}你要敢伤了她，咱们都得吃不了兜着走！{/size}
A-markup	1	Story/D_8_5_1_021	{size=24}那怎办？{/size}
A-markup	1	Story/D_8_5_1_125	{punch=0.1,1}{size=50}谨遵帮主号令，护卫唐门大侠！{/size}{/punch}
A-markup	1	Story/D_8_5_1_144	{size=50}阿妹你岸上走～阿哥我水里游～{/size}
A-markup	1	Story/D_8_5_1_149	{size=24}唉唷我的小师妹……为何悲伤那么久……{/size}
A-markup	1	Story/D_8_5_1_151	{size=24}阿哥怎生舍得你……把泪恣意流……？{/size}
A-markup	1	Story/D_8_6_3_1_026	{size=50}去、死、去、死、去、死、去、死！{/size}
A-markup	1	Story/D_8_6_3_2_056	{size=24}你这哪是什么绍兴酒，就是我们自己酿的。{/size}\n{size=24}这样骗人被揭穿怎办？{/size}
A-markup	1	Story/D_8_6_3_2_057	{size=24}我可没说那是绍兴，他自己装懂，我顺着他的话说罢了。{/size}\n{size=24}有钱不赚，傻子吗？{/size}
A-markup	1	Story/D_8_6_3_2_095	{size=24}客官，求少说两句吧，我夫人有孕，最近脾气难免大点，你别跟她计较。{/size}
A-markup	1	Story/D_8_6_3_2_096	{size=24}是吗？那真是恭喜你了，什么法子这么厉害，{/size}\n{size=24}连你这样丑怪的人，都能娶到这样一个天仙似的老婆？{/size}
A-markup	1	Story/D_pv_04_01_008	{size=50}喇逼雕啦！！{/size}
A-markup	1	Story/D_S0021_02_03_039	{size=24}弟，这位前辈是谁呀，我不认识。{/size}
A-markup	1	Story/D_S0021_02_03_040	{size=24}我也不认识啊，你刚不是还「莫非」吗？{/size}
A-markup	1	Story/D_S0021_02_03_041	{size=24}我说归说，其实根本不知是谁。{/size}\n{size=24}你又如何？你若不知道他何方神圣，干嘛那么惊讶？{/size}
A-markup	1	Story/D_S0021_02_03_042	{size=24}我看你很惊讶的样子，就配合一下。{/size}
A-markup	1	Story/D_S0204_01_033	{size=24}怎办？他不上当。{/size}
A-markup	1	Story/D_S0204_01_035	{size=24}没办法，只好出杀手锏。{/size}\n{size=24}我说什么，你就跟我说什么。{/size}
A-markup	1	Story/D_S0204_01_037	{size=24}「你道我是跟你说笑吗？快把红豆糕拿来！{/size}\n{size=24}否则本女侠就把你妹子衣裳剥个精光，看看藏宝图什么模样，{/size}\n{size=24}再拿藏宝图的宝藏去买数之不尽的点心！」{/size}
A-markup	1	Story/D_8_3_1_1_1_046	{size=50}不怕！！{/size}
A-markup	1	Story/D_8_3_1_1_1_049	{size=50}战他娘亲！{/size}
A-markup	1	Story/D_8_3_1_1_1_051	{size=50}我们来保护你！{/size}
A-markup	1	Story/D_8_3_1_1_2_018	{size=50}那当然是赢！{/size}
A-markup	1	Story/D_8_3_1_2_3_033	{size=40}上官家主现在落在我师弟的手里，你们猜怎么着？{/size}\n{size=40}师弟，告诉他们。{/size}
A-markup	1	Story/D_8_3_1_2_3_034	{size=40}我要一～刀子捅死了御使大人，如何？{/size}
A-markup	1	Story/D_8_3_1_3_2_007	{size=40}大师兄？！{/size}
A-markup	1	Story/D_8_3_1_3_2_014	{size=50}三！{/size}
A-markup	1	Story/D_S0024_01_02_031	{size=24}娘，你别惹他，丐帮可不是真的乞丐，是打扮成乞丐的流氓啊。{/size}\n{size=24}什么侠义云云，都是幌子，你忘了从前乞丐坑蒙拐骗什么都做吗？{/size}\n{size=24}若非天生就坏，哪个正经人会去当乞丐。{/size}
A-markup	1	Story/D_S0024_01_03_002	{size=50}啊啊啊啊啊啊～～！我的耳朵烂掉了！{/size}
A-markup	1	Story/D_S0024_01_03_025	{size=50}啊啊啊──！！{/size}
A-markup	1	Story/D_S0026_01_014	{size=50}我受够了！烦死人啦！{/size}
A-markup	1	Story/D_S0026_01_016	{size=24}我才没有愿意买……你卖的恁贵。{/size}\n{size=24}要不是你拳头大，我哪里会就范。{/size}
A-markup	1	Story/D_S0026_01_017	{size=24}掌柜老爷，别说了，别说了，他会打人的。{/size}\n{size=24}那碗大的拳头，我们不懂武功，挨受不住啊！{/size}
A-markup	1	Story/D_8_3_2_1_5_023	{size=50}不怕！不怕！{/size}
A-markup	1	Story/D_8_3_2_3_2_016	{size=40}来人！{/size}
A-markup	1	Story/D_8_3_2_3_3_044	{size=40}我没别的好说，就说一件事。{/size}\n{size=40}各位不妨睁眼看看地下倒着谁？登愣！是上官家主！{/size}
A-markup	1	Story/D_8_4_2_2_008	{size=50}放屁！！谁跟你一样！{/size}
A-markup	1	Story/D_8_4_3_2_023	{size=50}我们拚！{/size}
A-markup	1	Story/D_8_4_3_3_013	{size=50}我们拼！{/size}
A-markup	1	Story/D_8_7_2_1_095	{size=50}师兄！战他娘亲！{/size}
A-markup	1	Story/D_8_7_2_1_213	{size=24}唐默铃，她说错了一件事。{/size}
A-markup	1	Story/D_8_7_2_1_214	{size=24}瑞郎不是不肯答应，他努力过了，只是没有结果而已。{/size}\n{size=24}妳应该心知肚明才对……妳不也在不为人知的地方拚死挣扎过吗？{/size}\n{size=24}全力以赴，到头什么也办不到。{/size}
A-markup	1	Story/D_8_7_2_1_215	{size=24}……努力过没有结果，跟没有努力是一样的，没有人会在意区别。{/size}
A-markup	1	Story/D_8_7_2_1_216	{size=24}江湖为什么叫江湖呢？因为人人都被巨大的潮流推着走，身不由己。{/size}\n{size=24}和平的路已经断绝了，我们既然来到了今天，都得做好觉悟。{/size}
A-markup	1	Story/N_8_7_2_2_006	{size=50}出剑！{/size}
A-markup	1	Story/D_8_7_2_2_1_016	{size=24}赵大侠……小心极乐教，小心杏花仙。{/size}\n{size=24}我不能忤逆她，但你的话，说不定能行。{/size}
A-markup	1	Story/D_S0121_01_01_013	{size=50}比武招亲？！{/size}
A-markup	1	Story/D_S0202_01_001	{size=50}你不要过来啊！！{/size}
A-markup	1	Story/D_S0202_01_019	{size=50}啊啊啊啊──不行！裂了，真要裂了！{/size}
A-markup	1	Story/D_S0202_02_02_029	{size=50}人呢！！{/size}
A-markup	1	Story/D_S0202_02_03_062	{size=24}说得好听，谁知你肚里藏什么坏水。{/size}\n{size=24}难道你还能真把别家小娘子当作亲妹看待。{/size}
A-markup	1	Story/D_2_4_6_2_018	{size=24}哎，你看。{/size}
A-markup	1	Story/D_2_4_6_2_019	{size=24}看到了。{/size}\n{size=24}这人的通缉令贴得满城都是，不知什么来头。{/size}
A-markup	1	Story/D_2_4_6_2_020	{size=24}旁的不说，这厮胆子是真不小，{/size}\n{size=24}什么人不好冒充，却在唐门地界扮唐门弟子！好个狠人！洒家先服他三分！{/size}
A-markup	1	Story/D_2_4_6_2_100	{size=24}稍安勿躁，稍安勿躁。{/size}
A-markup	1	Story/D_2_4_8_1_004	{size=50}喇逼鵰啦！！{/size}
A-markup	1	Story/D_2_4_8_11_066	{size=50}好！走！{/size}
A-markup	1	Story/D_2_4_8_11_068	{size=50}呃啊！你、你怎会……！{/size}
A-markup	1	Story/D_2_4_8_11_069	{size=50}哇啊！怎会走漏风声的？{/size}
A-markup	1	Story/D_2_4_8_11_070	{size=50}风紧！扯呼！{/size}
A-markup	1	Story/D_2_4_8_2_006	{size=24}你还笑，方才那笔帐还没跟你算呢。{/size}
A-markup	1	Story/D_2_4_8_2_010	{size=24}你……好，算你狠。{/size}\n{size=24}掌门在此，我暂时不跟你计较。{/size}
A-markup	1	Story/D_2_4_8_8_012	{size=50}出现啦！！{/size}
A-markup	1	Story/D_2_4_10_2_2_063	{size=24}行了，别忘了我们此刻仍是阶下囚。{/size}
A-markup	1	Story/D_3_3_2_2_003	{size=50}呃啊──！{/size}
A-markup	1	Story/D_3_3_2_2_059	{size=24}想不到唐门那群乖僻的怪人之中，也有通情达理的。{/size}\n{size=24}这赵老弟模样虽然丑恶，为人处世倒还过得去。{/size}
A-markup	1	Story/D_3_3_2_2_060	{size=24}我越想越惭愧，回头给赵老弟加餐赔罪。{/size}
A-markup	1	Story/D_3_3_2_2_070	{size=24}哥哥，这种玩笑我开可以，你可不行啊。{/size}\n{size=24}快见好就收，不然真要得罪人啦。{/size}
A-markup	1	Story/D_3_3_2_2_076	{size=24}走吧，走吧，这人不好相处，以后少往来便是。{/size}
A-markup	1	Story/D_3_3_2_2_077	{size=24}可不是吗？救他性命、请他吃饭，还请出罪过来了，倒变成我们欠他似的。{/size}\n{size=24}他八成都不觉得自己没品，咱们不管他，这种人没福报的。{/size}
A-markup	1	Story/D_3_3_2_2_4_010	{size=50}那可不行！{/size}
A-markup	1	Story/D_Ch_3_1_1_006	{size=50}凯旋返驾－归－山──{/size}
A-markup	1	Story/D_Ch_3_1_1_016	{size=24}嘘，你这是想做甚？青城可不比你唐门，{/size}\n{size=24}扰乱礼仪、冲撞掌门，无一不是大过，后果不堪设想啊。{/size}
A-markup	1	Story/D_Ch_3_1_1_018	{size=24}听我一句劝，不会害你，无论什么要紧事都等会儿再说。{/size}\n{size=24}何况真的事关重大，更不宜专断独行，若当场宣之于众，岂非喧宾夺主吗？{/size}\n{size=24}那也未免太过鲁莽！应该先禀报掌门才是。{/size}
A-markup	1	Story/T_Ch_3_1_1_005	{size=24}师兄，修养，道心。{/size}
A-markup	1	Story/T_Ch_3_1_1_006	{size=24}对，多得师弟你提醒，还用上了传音入密的内功。{/size}
A-markup	1	Story/D_S3001_01_023	{size=50}上吊？！{/size}
A-markup	1	Story/D_S3001_01_097	{size=24}人家帮着你，你不知感恩还拆我台～{/size}
A-markup	1	Story/D_3_1_2_2_020	{size=24}哥哥，先别说了，形势比人强，跟他们说是没用的。{/size}\n{size=24}我们不如先暂撄其锋，明哲保身的好……。{/size}
A-markup	1	Story/D_3_1_2_2_039	{size=24}哥哥，你无话可说可以不要硬说。{/size}
A-markup	1	Story/D_3_1_2_2_058	{size=24}段公子，这事说大不大，说小不小，全凭你一句话。{/size}\n{size=24}依老道所见，你便有心宽恕，也可以先将他二人拿下，{/size}\n{size=24}多少教他吃点苦头，怎能……怎么就这样轻描淡写放过了？{/size}
A-markup	1	Story/D_3_1_2_2_062	{size=24}云裳，你是知道我性子的，本公子向来眼里容不下沙子，得理定不饶人。{/size}\n{size=24}你兄长云舟不在，青城山上，根本没有人能阻止我做任何事。{/size}\n{size=24}只要本公子不愿相饶，今日绝无善罢之理。{/size}
A-markup	1	Story/D_3_1_2_2_071	{size=24}不然呢？快走快走～{/size}
A-markup	1	Story/D_Section_02_Free_01_02_901_006	{size=50}可以吃肉、喝酒、娶妻！{/size}
A-markup	1	Story/D_Section_02_Free_01_02_901_028	{size=50}非礼呀啊啊啊啊──！{/size}
A-markup	1	Story/D_S3005_01_005	{size=50}啊啊啊～～～！{/size}
A-markup	1	Story/D_S3005_01_054	{size=50}啊啊啊～～{/size}
A-markup	1	Story/D_S3006_01_005	{size=24}走了走了，没必要跟他一般见识。{/size}
A-markup	1	Story/D_3_1_4_1_125	{size=50}来人！快来人救救她！{/size}
A-markup	1	Story/D_3_1_4_3_2_017	{size=50}滚！别让我再看到你！不懂装懂，无耻之尤！{/size}
A-markup	1	Story/D_3_1_5_1_004	{size=50}青城弟子听着！{/size}
A-markup	1	Story/D_3_1_5_1_010	{size=50}十一代弟子，凛遵掌门真人号令！{/size}
A-markup	1	Story/D_3_1_5_2_1_006	{size=50}赵活，入阵来！{/size}
A-markup	1	Story/D_3_1_5_2_2_011	{size=24}让过头会被看穿手脚。{/size}\n{size=24}不过我们可以佯作难分轩轾，最后拱手说句佩服佩服。{/size}
A-markup	1	Story/D_3_1_5_3_016	{size=24}喂，你还真想把小命拼在这里？{/size}\n{size=24}莫要冲动因小失大，行动之时已至。{/size}\n{size=24}我只待他要上场的时候，便去假意报信乱他心神，你也速速动身下山吧。{/size}
A-markup	1	Story/D_3_1_5_3_018	{size=24}对，贫道便是混世魔王座下童子，你别大声嚷嚷给我添乱。{/size}\n{size=24}段公子登场在即，此刻你便当着他的面跑，他也追不了你，要跑快跑！{/size}
A-markup	1	Story/D_3_1_6_3_027	{size=24}怎么办？这丑八怪看着不像是恶人。{/size}\n{size=24}无缘无故，总不能因为他挡路就宰了吧。{/size}
A-markup	1	Story/D_3_1_6_3_029	{size=50}有什么难为的？{/size}
A-markup	1	Story/D_3_1_6_3_036	{size=50}地狱道法王！{/size}
A-markup	1	Story/D_3_1_6_3_050	{size=50}地狱道法王？！{/size}
A-markup	1	Story/D_3_1_6_4_012	{size=24}……掌门都没说什么，要你来大小声。{/size}
A-markup	1	Story/D_3_1_6_4_021	{size=50}师兄，不是青城「所有」长老吧！{/size}\n{size=50}莫不是把我忘了！{/size}
A-markup	1	Story/D_3_1_6_4_030	{size=50}不必客气，赵某识得路，自己来了！{/size}
A-markup	1	Story/D_3_1_6_4_034	{size=50}赵法王光驾青城，有失远迎，还请入观一叙。{/size}
A-markup	1	Story/D_3_1_6_4_035	{size=50}哈哈哈！真人相邀，岂敢不从！{/size}
A-markup	1	Story/D_3_1_6_4_060	{size=50}呜呀啊啊啊啊啊啊──！{/size}
A-markup	1	Story/D_3_1_6_4_2_047	{size=40}我来裁决，我来审判！{/size}\n{size=40}老子地狱道法王，判官赵逵，便是地狱！{/size}
A-markup	1	Story/D_3_1_6_4_4_006	{size=50}青城子弟听着！{/size}
A-markup	1	Story/D_3_1_6_4_4_007	{size=50}青城弟子恭聆掌门法谕！！{/size}
A-markup	1	Story/D_3_1_6_4_4_027	{size=24}掌门信物：青城天师令，我给你找回来了。{/size}
A-markup	1	Story/D_3_1_6_4_4_028	{size=24}真是天师令……你打的是什么鬼主意？{/size}
A-markup	1	Story/D_3_1_6_4_4_029	{size=24}你若翻脸意图强行留人，我便拿这天师令要挟你。{/size}\n{size=24}如今此物于我已无用场，只是一根老旧木头，不如完璧归赵。{/size}
A-markup	1	Story/D_3_1_6_4_4_031	{size=24}真亏你把掌门信物弄丢了，还镇得住其他长老。{/size}
A-markup	1	Story/D_3_1_6_4_4_060	{size=24}岂有此理，我、我才不是怕你，是我修身养性，不跟你这邪魔歪道一般见识。{/size}\n{size=24}有胆你就杀上青城，拼个你死我活啊！{/size}
A-markup	1	Story/D_3_1_6_4_4_061	{size=24}掌门也真是的，这般妇人之仁，一声令下把人拿下也就是了。{/size}\n{size=24}事后说他地狱道率两三百人进犯青城被我等全歼，江湖谁敢不信？{/size}
A-markup	1	Story/D_3_1_7_1_065	{size=24}摇头就好，你怎么全身一起摇。{/size}
A-markup	1	Story/D_3_1_7_1_066	{size=24}我落枕脖子疼，不行吗？你管我。{/size}
A-markup	1	Story/D_3_1_7_4_012	{size=24}稳住，别慌。{/size}
A-markup	1	Story/D_3_1_7_4_014	{size=24}师兄，你干嘛刺激他们？{/size}
A-markup	1	Story/D_3_1_7_4_015	{size=24}傻子，正是因为对面人有点儿多，才不能自乱阵脚。{/size}\n{size=24}气势一输人，他们立马就一拥而上了。{/size}
A-markup	1	Story/D_3_1_7_4_017	{size=24}我吓吓他们而已，你怎么猖狂到这种地步，连我都怕。{/size}
A-markup	1	Story/D_3_1_7_4_043	{size=50}是妖怪！！{/size}
A-markup	1	Story/D_2_6_1_010	{size=24}师弟，别冲动，他就是想激我们杀他。{/size}
A-markup	1	Story/D_2_6_1_012	{size=24}还真的高级了不止一点。{/size}
A-markup	1	Story/D_2_6_1_019	{size=24}师兄你难道就耐心很好吗，整天就只知道批评别人，不懂内自省。{/size}
A-markup	1	Story/D_2_6_3_3_018	{size=50}啊啊啊啊啊──！！{/size}
A-markup	1	Story/D_S0027_01_026	{size=24}你哥呢？他若不在，你捅的娄子没人收拾。{/size}
A-markup	1	Story/D_S0027_01_027	{size=24}我这不是还有一个哥哥吗？{/size}
A-markup	1	Story/D_S0027_01_028	{size=24}唉，那你也得跟我说啊。再不说，我怎么背黑锅？{/size}
A-markup	1	Story/D_S0027_01_033	{size=50}你在我摊边组织了一支魔王军哎！！{/size}
A-markup	1	Story/D_S0027_01_035	{size=50}蛤！？{/size}
A-markup	1	Story/D_S0027_01_096	{size=50}啊干！！你这是做什么！{/size}
A-markup	1	Story/D_S0028_01_149	{size=50}住口！！{/size}
A-markup	1	Story/D_S0028_01_070	{size=50}唔哇啊！！{/size}
A-markup	1	Story/D_S0028_02_008	{size=24}你、你们真是结拜兄弟？{/size}\n{size=24}知道你们交谊匪浅，不想竟是金兰之交……。{/size}
A-markup	1	Story/D_S0028_02_009	{size=24}谁都有一两件不欲人知、恨不得抹墙上毁尸灭迹的丑事吧。{/size}
A-markup	1	Story/D_S0028_02_142	{size=24}都是我的错……。{/size}
A-markup	1	Story/D_S0028_02_144	{size=50}段！智！秀！{/size}
A-markup	1	Story/D_S0029_01_055	{size=24}按门规，当由掌刑使施罚。{/size}\n{size=24}纵令我手执掌门令牌，亦不得擅自处置同门师长。{/size}\n{size=24}何况他江湖名声恁好，杀了后患无穷。{/size}
A-markup	1	Story/D_S0029_01_056	{size=24}你有疑虑怎么方才不先讨论啊。{/size}
A-markup	1	Story/D_S0029_01_057	{size=24}我本来想好了，进来又犹豫了。{/size}
A-markup	1	Story/D_S0029_01_074	{size=24}心软放他走，恐怕一样后患无穷。{/size}\n{size=24}何况不杀了他，实在难解心头之恨，更难服众！{/size}
A-markup	1	Story/D_S0029_01_078	{size=24}我区区一个外姓弟子，可出不了什么高明主意。{/size}
A-markup	1	Story/D_S0208_02_026	{size=50}老子没有在说笑，你们两个给我闭嘴！！{/size}
A-markup	1	Story/D_S0208_02_03_072	{size=24}云裳，趁他们说话，你听着。{/size}
A-markup	1	Story/D_S0208_02_03_074	{size=24}别回头，拼尽全力往后山跑，越过傍晚的小溪，往地势低的方向跑，设法下山去。{/size}
A-markup	1	Story/D_S0208_02_03_076	{size=24}我负责拖住他们，待你脱险，便斩断绳索。{/size}\n{size=24}这栈道悬空千丈，饶他武功再高十倍，摔下去也只有死路一条。{/size}
A-markup	1	Story/D_S0208_02_03_077	{size=24}甭管我，我自有妙计脱身。{/size}
A-markup	1	Story/D_S0208_02_03_082	{size=50}给我闭嘴，跑！{/size}
A-markup	1	Story/D_S0204_01_03_008	{size=24}赵哥哥，你快帮腔说点什么。{/size}
A-markup	1	Story/D_S0208_02_04_009	{size=50}唔哦哦哦哦──！！{/size}
A-markup	1	Story/D_S0208_02_04_014	{size=50}啊干！！！{/size}
A-markup	1	Story/D_S0208_02_04_015	{size=50}啊干！贼老天，我恨祢！！{/size}
A-markup	1	Story/D_S0208_03_019	{size=50}呜～呜啊啊啊啊～！{/size}
A-markup	1	Story/D_S0208_03_072	{size=24}不做兄妹，可以退而求其次……{/size}
A-markup	1	Story/D_S0208_03_082	{size=50}啊！！{/size}
A-markup	1	Story/D_S0209_01_009	{size=50}出现了！{/size}
A-markup	1	Story/D_S0209_01_025	{size=50}不！{/size}
A-markup	1	Story/D_S0209_01_07_007	{size=24}师弟，请你设法尽速将叶少侠请回来。{/size}\n{size=24}她已经没时间了。{/size}
A-markup	1	Story/D_S0210_01_021	{size=24}二师兄，山上好像有「那个」啊。{/size}
A-markup	1	Story/D_S0210_01_023	{size=24}就……「那个」啊，那个！{/size}
A-markup	1	Story/D_S0210_01_02_008	{size=50}来人救命啊！！{/size}
A-markup	1	Story/D_S0208_04_Break_01_011	{size=50}救～命～啊～！非礼啦！！{/size}
A-markup	1	Story/D_S0208_04_Break_01_208	{size=50}你怎么能说这种话！{/size}
A-markup	1	Story/D_S0208_05_01_009	{size=50}出来吧，哥～哥～！{/size}
A-markup	1	Story/D_S0208_05_01_010	{size=50}呜啊！好丑，这什么玩意，吓活鬼了！！{/size}
A-markup	1	Story/D_S0208_05_01_014	{size=24}哥哥……咳，咳。{/size}
A-markup	1	Story/D_S0208_05_01_024	{size=24}不值得的……我本来就会死，再怎么拖延都一样，你却不同。{/size}\n{size=24}坠崖没死，已经是老天恩赐了呀。{/size}
A-markup	1	Story/D_S0208_05_01_017	{size=24}你究竟有几条性命，可以一而再、再而三的为我挥霍？{/size}\n{size=24}非要咳，死掉了，你才甘心吗？咳咳……。{/size}
A-markup	1	Story/D_S0208_05_05_007	{size=24}云裳！慢点！{/size}
A-markup	1	Story/D_S0208_05_05_009	{size=24}别走，等等我！{/size}
A-markup	1	Story/D_S0208_05_05_094	{size=40}……师娘！师娘，是您老人家吗？{/size}\n{size=40}弟子赵活，拜见师娘！{/size}
A-markup	1	Story/N_S0208_05_05_007	{size=40}爽死{/size}\n今生心愿完满，在世更无牵挂，就此含笑长逝。
A-markup	1	Story/D_S0208_06_01_029	{size=24}完了，又疯了一个。{/size}
A-markup	1	Story/D_S0208_06_01_030	{size=24}这就是习练点苍心法，以剑问道的代价吗？{/size}
A-markup	1	Story/D_S0208_06_01_033	{size=18}哥～哥～～{/size}
A-markup	1	Story/D_S0208_06_01_037	{size=24}哥～哥～～我在这里～～{/size}
A-markup	1	Story/D_S0208_06_01_039	{size=50}云裳！真的是你！{/size}
A-markup	1	Story/D_S0208_06_02_021	{size=24}代掌门，他们找到了唐门禁地。{/size}
A-markup	1	Story/D_S0208_06_02_037	{size=24}赵郎，你要信守承诺，一生一世待我好，专宠我一人。{/size}\n{size=24}可不要学那些坏男人花天酒地、见异思迁，累裳儿伤心。{/size}\n{size=24}想起裳儿的时候，就要像心渍在糖里一般的甜。{/size}
A-markup	1	Story/D_S0208_06_02_081	{size=24}现在笑还太早了，我哥还没点头答应呢。{/size}\n{size=24}你别作声。{/size}
A-markup	1	Story/D_S0208_06_02_082	{size=24}好。{/size}
A-markup	1	Story/D_Travel_601_902_04_005	{size=40}够了，住口！{/size}
A-markup	1	Story/D_S0212_01_079	{size=24}云裳，你怎能说这些伤人的话？{/size}
A-markup	1	Story/D_S0212_01_080	{size=24}哥哥你别管，我是为他好呀。{/size}
A-markup	1	Story/D_S0212_01_081	{size=24}主要是我的傲骨与尊严已经被你粉碎了。{/size}
A-markup	1	Story/D_S0212_01_082	{size=24}晚点裳儿沾点口水与糨糊，替你黏起来。{/size}
A-markup	1	Story/D_6_9_2_3_090	{size=24}她怎么好像不是在跟我们说话？{/size}
A-markup	1	Story/D_7_5_6_6_007	{size=24}弟，我生性如此，有许多话羞于启齿。{/size}\n{size=24}情意满塞于胸，想让你知晓，却不善言词。{/size}
A-markup	1	Story/D_7_5_6_6_008	{size=24}我……小、小女子独自练了很久的曲，满载我拙于表述的心迹。{/size}\n{size=24}想学我师父，借丝竹代语，聊诉衷肠，请公子清听，成吗？{/size}
A-markup	1	Story/D_Birth_01_01_020	{size=24}可是，做那个就比较开心啊。{/size}
A-markup	1	Story/D_8_4_10_1_011	{size=40}各位弟兄姊妹！欢呼吧！{/size}\n{size=40}请君入瓮之计得售，他们要是还不投降，咱们就弃外堡上山包抄，{/size}\n{size=40}干掉他们首脑！{/size}
A-markup	1	Story/D_8_4_10_1_012	{size=40}我们以寡击众，能打成平手，等若是赢了！{/size}\n{size=40}笑给他们听！哈哈哈哈！{/size}
A-markup	1	Story/D_8_4_10_1_013	{size=50}哈哈哈哈哈！{/size}
A-markup	1	Story/D_8_4_10_1_020	{size=50}聪明！长命！丑！{/size}
A-markup	1	Story/D_8_4_10_1_022	{size=50}魏才女英明！{/size}
A-markup	1	Story/D_8_4_11_1_1_009	{size=24}但是我爱听这个，你可以多说一点肉麻话挠我。{/size}
A-markup	1	Story/D_8_4_11_1_3_009	{size=24}记得你从前住的那间空屋吗？{/size}\n{size=24}因为靠近茅房，许多年来都没人租住，还维持当年陈设。{/size}
A-markup	1	Story/D_8_4_11_1_3_010	{size=24}当然记得，虽是空屋，但为了迟早能够租住出去，{/size}\n{size=24}我还不时会去打扫。{/size}
A-markup	1	Story/D_8_4_11_1_3_011	{size=24}我先去布置一下，你等没人关注时，再来寻我。{/size}\n{size=24}裳儿想在那里，告诉你从来无人知晓的秘密。{/size}
A-markup	1	Story/D_S0801_02_02_028	{size=24}死得其所。{/size}
A-markup	1	Story/D_S0801_02_02_185	{size=24}赵少侠，赏脸外边说两句话。{/size}
A-markup	1	Story/D_0_6_021	{punch=0.1,1}{size=50}谨遵帮主号令，护卫唐门大侠！{/size}
A-markup	1	Story/D_0_Meet_Option_03_02_034	{size=24}师弟，你先将机巧飞蝗收起来。{/size}
A-markup	1	Story/D_0_Meet_Option_03_02_035	{size=24}我熬夜打造的机巧飞蝗，被说成玩具，岂有此理。{/size}
A-markup	1	Story/D_0_Meet_Option_03_02_036	{size=24}可它真的就是玩具嘛，都怪你的馊主意。{/size}
A-markup	1	Story/D_0_Meet_Option_03_02_041	{size=24}帮主，你不妨现场令他们吞服丹药，\n若是毒药，他们想必不敢。{/size}
A-markup	1	Story/D_0_Meet_Option_03_02_066	{size=24}师弟，怎办？\n石帮主这根本不是想商量事情，只是想撒气而已吧。{/size}
A-markup	1	Story/D_0_Meet_Option_03_02_067	{size=24}那、那个－－{/size}
A-markup	1	Story/D_0_Meet_Option_03_02_03_015	{size=24}师弟，师弟，这位姑娘好猛，巾帼不让须眉。{/size}
A-markup	1	Story/D_0_Meet_Option_04_01_019	{size=24}师弟，我提醒你一句。\n你可得上心点，别在师弟妹的面前胜了三师兄。\n他如今是代掌门，你若胜他，难免师弟妹们的信心不会动摇。{/size}
A-markup	1	Story/N_1_1_009	{size=50}获得唐门之力{/size}
A-markup	1	Story/D_2_2_1_061	{size=24}谢谢师兄。{/size}
A-markup	1	Story/D_2_2_2_122	{size=24}师弟，掌门都发话了，你还不把握机会表现。{/size}
A-markup	1	Story/D_2_2_3_4_1_007	{size=24}妈的，师弟，冒充牛魔王兄弟这招失败了！{/size}
A-markup	1	Story/D_2_2_3_4_1_008	{size=24}我以为唐门式微，天下再也没人认得我们的制服了！{/size}
A-markup	1	Story/D_2_2_3_4_3_Break_01_03_030	{punch=0.2,1}{size=40}──战你娘亲啦！{/size}{/punch}
A-markup	1	Story/D_2_2_3_4_3_Break_01_04_007	{size=24}什么唐门大侠，有什么了不起，呸。{/size}
A-markup	1	Story/D_2_2_3_4_3_Break_01_04_02_067	{size=40}(白鲨语)小的们！把货推上岸，走人！{/size}
A-markup	1	Story/D_2_2_5_030	{size=24}老爷，大公子和二公子在陪尹道长说话，一时半刻来不了。{/size}
A-markup	1	Story/D_2_2_5_064	{punch=0.2,1}{size=40}这不是夔州大侠谭霸刀的破山斩吗！！{/size}{/punch}
A-markup	1	Story/D_2_2_5_1_055	{punch=0.2,1}{size=40}算！算！算！！{/size}{/punch}
A-markup	1	Story/D_2_2_5_2_Break_01_001	{size=24}四师兄，四师兄。{/size}
A-markup	1	Story/D_2_2_5_4_017	{size=24}仁兄不要，你一讲，他就要发脾气了。{/size}\n{size=24}我们这桌有这两个活宝，别再添油以免他们又吵起来。{/size}
A-markup	1	Story/D_2_2_6_008	{size=24}……根本不好笑，糟老头子。{/size}
A-markup	1	Story/D_2_2_6_029	{size=24}爷爷，是奉国军节度使刘光世。{/size}
A-markup	1	Story/D_2_2_6_4_040	{size=24}赵活，拜托你多看照阿浅一下。{/size}
A-markup	1	Story/D_2_2_6_4_042	{size=24}有事就叫我，我不会走远。{/size}
A-markup	1	Story/D_2_2_6_4_043	{size=24}他是我未来夫婿，能对我怎样？要你多管闲事。{/size}
A-markup	1	Story/D_2_2_6_5_014	{size=24}浅儿，唐门的日子很清苦，只怕比丐帮好不到哪里去。{/size}\n{size=24}你去了又不能改姓唐，只能做外姓弟子，不单学不到什么武功，还要做劳役。{/size}\n{size=24}你可想清楚了，当真想去吗？{/size}
A-markup	1	Story/D_2_2_6_5_016	{size=24}你莫非是看上了唐家掌门的掌上明珠吗？{/size}\n{size=24}哈哈～你小子终于开窍啦，爷爷还以为你长不大呢。{/size}\n{size=24}要爷爷找人，替你向唐家掌门说媒吗？{/size}
A-markup	1	Story/D_2_2_6_5_017	{size=24}不不不不不用，不是这样的爷爷。{/size}\n{size=24}我我、我对唐小娘子没有那种想法，硬要说的话……。{/size}
A-markup	1	Story/D_2_2_6_5_018	{size=24}总之不是你想的那样。{/size}
A-markup	1	Story/D_2_2_6_5_020	{size=24}好，那便由你，下去吧。{/size}
A-markup	1	Story/D_2_4_1_1_011	{size=24}我、我没事，你别大庭广众搭着我呀，离我远点。{/size}
A-markup	1	Story/D_2_4_5_4_1_102	{size=60}？！！{/size}
A-markup	1	Story/D_2_4_5_4_2_002	{size=60}啊！！{/size}
A-markup	1	Story/D_2_5_1_051	{size=40}……哈？掌门！？{/size}
A-markup	1	Story/D_2_5_1_1_017	{size=24}夺魄门的人往往比较冷淡，若受了冷遇，{/size}\n{size=24}希望赵师兄可以大人大量，不要往心里去。{/size}
A-markup	1	Story/D_2_5_3_2_125	{size=24}阿活，我们快走吧。{/size}
A-markup	1	Story/D_2_5_3_3_3_029	{size=40}死也不还！！{/size}
A-markup	1	Story/D_2_5_3_4_4_007	{size=24}赵师兄，小妹可没撒谎啊。{/size}\n{size=24}请睁一只眼闭一只眼，就当是这样吧。{/size}
A-markup	1	Story/D_3_10_2_002	{size=60}捍卫正道！齐心诛邪！{/size}
A-markup	1	Story/D_3_11_2_007	{size=60}中原正道侠士，江陵守城将领都听着！{/size}
A-markup	1	Story/D_3_11_2_104	{size=60}本人泥教法王，暨丐帮帮主在此，名唤王二壮的便是！{/size}
A-markup	1	Story/D_3_12_1_004	{size=60}中原武林诸位侠士的武功，王某今日算是领教了。{/size}
A-markup	1	Story/D_3_12_1_005	{size=60}可是坐镇江陵的武林和事佬，南宫世家怎就没人过来挑战？{/size}
A-markup	1	Story/D_3_12_1_006	{size=60}莫不是怕败给王某，颜面尽失，才当个缩头乌龟！{/size}
A-markup	1	Story/D_3_12_1_007	{size=60}烂柯子，烂柯子──我数十声，是个汉子，即刻出来见我！{/size}
A-markup	1	Story/D_3_12_1_008	{size=60}否则你便是没骨气、没担当的伪君子！十！{/size}
A-markup	1	Story/D_3_12_1_009	{size=60}无灾笑作风流郎，有难呼来别人挡，九！{/size}
A-markup	1	Story/D_3_12_1_109	{size=60}你只管瑟缩在墙后，当你的南宫家主吧，八！{/size}
A-markup	1	Story/D_3_12_1_017	{size=60}二──！{/size}
A-markup	1	Story/N_3_12_1_008	{size=60}凄凉宝剑篇，羁泊欲穷年。{/size}\n{size=60}黄叶仍风雨，青楼自管弦。{/size}\n{size=60}新知遭薄俗，旧好隔良缘。{/size}\n{size=60}心断新丰酒，销愁斗几千。{/size}
A-markup	1	Story/D_3_13_Break_Start_01_079	{size=24}……会被杀掉的。{/size}
A-markup	1	Story/D_3_13_Break_Start_01_087	{size=24}小妹自然肯的。{/size}
A-markup	1	Story/D_3_13_Break_Start_01_095	{size=24}不谢。{/size}
A-markup	1	Story/D_3_14_1_028	{size=24}……师弟，快说点什么。{/size}
A-markup	1	Story/D_3_14_2_007	{size=24}这位大公子，似乎还在怀疑我们是下毒凶手的样子。{/size}
A-markup	1	Story/D_3_14_2_020	{size=24}师弟，我们甭管他们家事，走吧。{/size}
A-markup	1	Story/D_3_14_2_022	{size=24}有道理，再不走，就怕待会儿走不了了。{/size}
A-markup	1	Story/D_3_16_1_013	{size=24}小师妹在向我招手，真可爱。{/size}
A-markup	1	Story/D_3_16_1_014	{size=24}少臭美，她分明是向我招手。{/size}
A-markup	1	Story/D_3_16_1_015	{size=24}胡说，明明就是向我挥的手！{/size}
A-markup	1	Story/D_3_16_1_016	{size=24}嗯，说得也是，一路辛苦你了，师弟。{/size}
A-markup	1	Story/D_3_16_1_017	{size=24}明日起还有好多事要偏劳你，至少今天就好好作梦吧。{/size}
A-markup	1	Story/D_3_16_1_018	{size=24}放屁，就你。{/size}
A-markup	1	Story/D_3_16_1_019	{size=24}就你这癞蛤蟆还想吃天鹅肉，不如去吃屎吧。{/size}\n{size=24}小师妹能看上你？她若看上你，我就钓竿塞幽门钓鱼给你看。{/size}
A-markup	1	Story/D_3_16_4_040	{size=60}二师兄！！{/size}
A-markup	1	Story/D_3_2_1_041	{size=24}弟子，你探头探脑，是在找为师吗？{/size}
A-markup	1	Story/D_3_2_1_043	{size=24}为师正用传音入密的内功和你说话。{/size}\n{size=24}你用不着答我，反正我也听不见，你若听懂了，就点一点头。{/size}
A-markup	1	Story/D_3_2_1_044	{size=24}很好。相隔太远，最多就能发出这种程度的响声。{/size}\n{size=24}你屏气凝神，自然就听得真切了。{/size}
A-markup	1	Story/D_3_2_1_045	{size=24}四掌门齐聚半雨屏，必有大事。{/size}\n{size=24}你别胡乱出声，若有状况，拔腿便跑即是，且安静听任发落吧。{/size}
A-markup	1	Story/D_3_2_1_056	{size=24}都是你害我被骂。{/size}
A-markup	1	Story/D_3_2_2_167	{size=24}但还是……还是多谢你夸我……。{/size}\n{size=24}我不认为自己相貌出众，虽然知道你不过同我说笑，还是多谢你抬举。{/size}
A-markup	1	Story/D_3_2_3_2_5_020	{size=24}虽然过程和想象中不一样，不过架是打定了，抄家伙！{/size}
A-markup	1	Story/D_3_2_3_2_5_035	{size=40}天武门主黄金龙，愿率天武门下弟子，投效唐门！{/size}\n{size=40}恳请大侠收容！{/size}
A-markup	1	Story/D_3_2_3_2_5_037	{size=40}恳请唐门大侠收容！{/size}
A-markup	1	Story/D_3_2_3_2_5_047	{size=40}赵师兄！赵师兄！赵师兄！{/size}
A-markup	1	Story/D_3_2_3_2_5_052	{size=40}犬马之劳！！{/size}
A-markup	1	Story/D_3_2_3_2_5_3_002	{size=40}啊！我死啦！{/size}
A-markup	1	Story/D_3_5_3_1_015	{size=24}师弟，切莫轻举妄动！{/size}
A-markup	1	Story/D_3_5_3_7_2_006	{size=24}解大侠不知为何在生气，想勒索人，当然你去。{/size}
A-markup	1	Story/D_3_5_3_7_3_011	{size=24}四师兄，大公子给你损得不会讲话了。{/size}\n{size=24}你看他一直干笑。{/size}
A-markup	1	Story/D_3_5_3_7_Break_Start_01_006	{size=24}我也觉得他说不定真在哪处青楼，但你这么老实干嘛？{/size}\n{size=24}这不让对头都放宽了心吗？{/size}
A-markup	1	Story/D_3_5_3_7_Break_Start_01_007	{size=24}对耶！{/size}
A-markup	1	Story/D_3_5_3_7_Break_Start_01_018	{size=24}咕……。{/size}
A-markup	1	Story/D_3_5_3_7_Break_Start_01_034	{size=24}这、这就是解无尘！{/size}
A-markup	1	Story/D_3_5_3_7_Break_Start_01_039	{size=24}他是不是信了我的屁话？{/size}
A-markup	1	Story/D_3_5_3_7_Break_Start_01_040	{size=24}原来你是骗人的喔！连我都信了！{/size}\n{size=24}这下怎么办？大师兄最讨厌这个人了，你小心到时被记恨！{/size}
A-markup	1	Story/D_3_5_3_7_Break_Start_01_041	{size=24}我哪知道他真的在附近，还对号入座！{/size}
A-markup	1	Story/D_3_5_3_7_Break_Start_01_086	{size=24}数到三，大家一起上，打他个措手不及。{/size}
A-markup	1	Story/D_3_6_4_2_035	{size=24}赵少侠，劝你你别瞎掺和大公子和上官大小姐的事。{/size}\n{size=24}前车之鉴比比皆是，无论你帮哪边都会倒霉。{/size}\n{size=24}今日出游计划铁定是泡汤了，下次再说吧。{/size}
A-markup	1	Story/D_3_6_4_2_039	{size=24}不妙，又要开始了！{/size}
A-markup	1	Story/D_3_6_4_2_041	{size=24}别说小人没劝你，快逃，此地不宜久留啊！{/size}
A-markup	1	Story/D_3_6_4_3_009	{size=24}都是你害的啦。{/size}
A-markup	1	Story/D_3_9_1_037	{size=24}好紧张，好紧张，好紧张，好紧张。{/size}\n{size=24}魔教的法王就坐在我后面，名闻天下的魔教法王！{/size}
A-markup	1	Story/D_3_9_1_039	{size=24}大哥，你、你也太松懈了，万一他突然翻脸，{/size}\n{size=24}一掌拍过来，你只怕都还没搞清楚怎么回事就一命呜呼了！{/size}
A-markup	1	Story/D_3_9_1_041	{size=24}不要一直张望，小心惹怒了他，动作小点！{/size}
A-markup	1	Story/D_3_9_1_042	{size=24}好、好。{/size}
A-markup	1	Story/D_3_9_2_091	{size=24}阿浅，这是何时出的事啊？我怎都没听到风声。{/size}
A-markup	1	Story/D_3_9_2_092	{size=24}爹说有人潜入家中行凶，说出去会动摇人心，{/size}\n{size=24}是以吩咐大家都不许声张。{/size}
A-markup	1	Story/D_4_1_2_002	{size=24}小点声，没看到正在议事吗？{/size}\n{size=24}别大惊小怪，我们都知道了。{/size}
A-markup	1	Story/D_4_2_1_013	{size=24}拍拍，拍拍。{/size}
A-markup	1	Story/D_4_3_1_055	{size=24}三师兄，你看师弟，一双眼睛直勾勾盯着人家上官千金。{/size}
A-markup	1	Story/D_4_3_1_102	{size=50}众位唐门的师兄弟也听我一言，{/size}\n{size=50}且听我说的在不在理！{/size}
A-markup	1	Story/D_4_3_2_140	{size=50}末将领命！！{/size}
A-markup	1	Story/D_4_3_3_007	{size=24}贤侄，擒贼先擒王，你设法引开唐二，{/size}\n{size=24}老衲一找到破绽，便去擒拿唐中翎！{/size}
A-markup	1	Story/D_4_3_4_036	{size=24}掌门请稍微退后，弟子没把握能敌得过此人。{/size}
A-markup	1	Story/D_4_3_4_041	{size=24}掌门，弟子自知并非此人敌手，只能阻他一时。{/size}
A-markup	1	Story/D_4_3_5_1_016	{size=60}兰姐姐？！{/size}
A-markup	1	Story/D_4_3_5_1_055	{size=24}对不住，四师兄，我们打你，是为你好。{/size}
A-markup	1	Story/D_4_3_5_1_056	{size=24}我师父内功深湛，耳朵可灵了。{/size}
A-markup	1	Story/D_4_3_5_1_057	{size=24}你说她坏话，要是被惦记上了，回头有你好受。{/size}
A-markup	1	Story/D_4_3_5_1_075	{size=24}四师兄，我打你是为你好，别怪我。{/size}\n{size=24}我师父内功深湛，耳朵可灵了。{/size}
A-markup	1	Story/D_4_3_7_1_020	{size=24}阿活阿活，兰姐姐怎么对师父说话这么乖巧。{/size}
A-markup	1	Story/D_4_3_7_1_021	{size=24}我也不知道。{/size}
A-markup	1	Story/D_4_3_8_1_006	{size=24}师弟，掌门虽不动声色，只怕情况不容乐观。{/size}\n{size=24}我已托四师弟去寻二师兄下落，请你在堂中伺候。{/size}
A-markup	1	Story/D_4_3_8_4_041	{size=60}可恶！可恶！唐铮！我绝不原谅你！{/size}
A-markup	1	Story/D_4_3_8_4_042	{size=60}你听好了，无论你跑到何处，我都要找出你来！唐──铮──！{/size}
A-markup	1	Story/D_4_3_9_024	{size=24}师弟，你来一下。{/size}
A-markup	1	Story/D_4_4_1_067	{size=60}大师兄！！{/size}
A-markup	1	Story/D_4_4_1_098	{size=60}战他娘亲！{/size}
A-markup	1	Story/D_4_5_3_Break_176	{size=24}哎，走走走，快走。{/size}
A-markup	1	Story/D_4_6_1_034	{size=24}你别劝，没看帮主气得头上冒烟吗？{/size}\n{size=24}要不是这么多武林同道在看，只怕他已经大发雷霆了。{/size}
A-markup	1	Story/D_4_6_1_062	{size=24}弟子，你上树来。{/size}
A-markup	1	Story/D_4_6_13_093	{size=60}小师妹！！快来帮忙，有刺客！！{/size}
A-markup	1	Story/D_4_6_13_103	{size=60}崆峒派的都起来！唐门设陷阱要围杀咱们！{/size}
A-markup	1	Story/D_4_6_13_104	{size=60}大伙一块杀出重围！{/size}
A-markup	1	Story/D_4_6_13_2_012	{size=60}师兄弟们快来！有刺客想害大师兄！{/size}
A-markup	1	Story/D_4_6_13_2_014	{size=60}崆峒派的都站出来！{/size}
A-markup	1	Story/D_4_6_13_2_015	{size=60}唐门与魔教勾结！想冤枉咱们！{/size}
A-markup	1	Story/D_4_6_16_020	{size=24}瞎说啥，进屋去。{/size}
A-markup	1	Story/D_4_6_3_003	{size=24}等等──！{/size}
A-markup	1	Story/D_4_6_3_005	{size=24}等下！唐布衣！我叫你等等──别伤他！{/size}
A-markup	1	Story/D_4_6_4_2_010	{size=24}救命啊～！快来人啊！{/size}
A-markup	1	Story/D_4_6_6_056	{size=24}师弟，你可得多照看着点小师妹。{/size}\n{size=24}据我所知，她的天地无声势内息是随时都在流转，与心息息相关。{/size}\n{size=24}千万别乱了心，否则于她有害亦未可知。{/size}
A-markup	1	Story/D_4_6_9_023	{size=24}别说啦！师弟！别说啦！求你行行好闭嘴吧！{/size}
A-markup	1	Story/D_4_7_2_Break_020	{size=24}……大师兄，你把人家弄哭了，这可怎么办？{/size}
A-markup	1	Story/D_4_7_2_Break_021	{size=24}湘姊这人好面子，脸皮又薄，她在咱们面前哭出声来，{/size}\n{size=24}等会儿冷静下来，一定会拔剑杀人灭口，你信不信？{/size}
A-markup	1	Story/D_4_7_2_Break_022	{size=24}英雄所见略同，我太信了。这下如何是好？{/size}
A-markup	1	Story/D_4_7_2_Break_024	{size=24}我最怕女子哭了，没想到她也有像个小娘子的时候。{/size}
A-markup	1	Story/D_4_7_3_1_010	{size=24}大师兄，快说点中听的好话，要不然真的会死！{/size}
A-markup	1	Story/D_4_8_1_036	{size=60}呃啊啊啊啊──！！{/size}
A-markup	1	Story/D_4_8_6_063	{size=60}可恶！！{/size}
A-markup	1	Story/D_4_8_6_086	{size=24}唉，我有得选吗。{/size}
A-markup	1	Story/D_4_8_7_5_029	{size=24}大师兄，这是火蝎王毒的解药，快藏好。{/size}
A-markup	1	Story/D_4_9_1_005	{size=24}……干嘛看我。{/size}
A-markup	1	Story/D_4_9_3_3_Break_029	{size=24}抱歉。{/size}
A-markup	1	Story/D_4_9_3_3_Break_038	{size=24}……不要挑食，能吃你就该偷笑了。{/size}
A-markup	1	Story/D_5_2_5_089	{size=60}哈？！{/size}
A-markup	1	Story/D_5_2_7_1_095	{size=60}妈巴羔子咧师兄！不要唱了啦！难听死了！{/size}
A-markup	1	Story/D_5_2_7_1_096	{size=60}你半夜不睡觉鬼哭狼嚎是在招魂哦！{/size}
A-markup	1	Story/D_5_2_7_1_159	{size=24}刚才答应我的事，不能忘记哦？{/size}
A-markup	1	Story/D_5_3_1_008	{size=24}小师妹，你看这人如何？{/size}
A-markup	1	Story/D_5_3_1_010	{size=24}师兄我也觉得，这位少侠方才答非所问，才学有限，{/size}\n{size=24}武功还未可知，却还差点儿骨气。{/size}
A-markup	1	Story/D_5_3_1_015	{size=24}这人是长得不差，武功好像也挺强的。{/size}\n{size=24}但不知怎么的，一股儿油耗味，让人看了不适。{/size}
A-markup	1	Story/D_5_3_1_016	{size=24}闭嘴吧你，人家保不定就成了乘龙快婿，{/size}\n{size=24}有点儿油怎么了？好过你半点油水也没有，穷成人干。{/size}
A-markup	1	Story/D_5_3_1_026	{size=24}小、小师妹，你，你听这位少侠所言，意下如何？{/size}\n{size=24}呼哧……呼哧……我看是不太妥。{/size}
A-markup	1	Story/D_5_3_1_035	{size=24}师兄，还有好多人在看，小师妹的选婿的事比较重要，别跟他一般见识。{/size}
A-markup	1	Story/D_5_3_1_036	{size=24}大好日子，不宜见血，走走走。{/size}
A-markup	1	Story/D_5_3_1_048	{size=60}我迟早要杀了你！！{/size}
A-markup	1	Story/D_5_3_1_055	{size=24}这人怎么这样没礼貌？他以为他是谁啊，这么霸道。{/size}\n{size=24}我们又没欠他钱，真是莫名其妙。{/size}
A-markup	1	Story/D_5_3_1_056	{size=24}偶尔就是会有这种人啦，习惯就好。{/size}\n{size=24}他们就觉得这样很有男子气概，别说，还真有小娘子肯吃这套，还不少。{/size}
A-markup	1	Story/D_5_3_1_061	{size=24}哎唷，三师兄怒了，大家小声点。{/size}
A-markup	1	Story/D_5_3_1_070	{size=24}小师妹，我看名册，大公子就是最后一位压轴了。{/size}\n{size=24}他文武全才，琴棋书画四艺皆通，家财万贯，可能没有更好的了。{/size}\n{size=24}你再这样心不在焉，就没人啦。{/size}
A-markup	1	Story/D_5_3_1_071	{size=24}江陵大战的少帅都来了，方才那易少侠未免相形可怜了。{/size}
A-markup	1	Story/D_5_3_1_072	{size=24}你不早就清楚了？我见着他们来时，还与你寒暄。{/size}\n{size=24}他们一到，先哭后笑，既哀大师兄之丧，也庆小师妹之喜。{/size}
A-markup	1	Story/D_5_3_1_073	{size=24}你不知道，南宫世家人面广，是他们肯礼贤下士。{/size}\n{size=24}碰着每个唐门弟子就慰问，见过面的都记得名字，没碰面的也寒暄一番。{/size}
A-markup	1	Story/D_5_3_1_078	{size=24}小师妹，大公子从小浸淫书香，身怀大义，{/size}\n{size=24}曾领袖群侠抵抗魔教侵攻，这才学、品德、功绩都没话说。{/size}\n{size=24}我再考他，也无甚意义，但要不问，又好像不大公平。{/size}
A-markup	1	Story/D_5_3_1_080	{size=24}我满脑子都是经史子集，一时想不出什么好问。{/size}
A-markup	1	Story/D_5_3_1_137	{size=24}小师妹，这位大侠可来头不小。他和大师兄齐名，互许为毕生劲敌。{/size}\n{size=24}曾经和崆峒夏侯女侠三人一同游历，力挫旧魔教左护法的野心。{/size}\n{size=24}是当世难得的英雄人物。{/size}
A-markup	1	Story/D_5_3_3_112	{size=60}噢我操！！{/size}
A-markup	1	Story/D_5_3_4_1_051	{size=60}你师父是夏侯兰！！{/size}
A-markup	1	Story/D_5_4_4_086	{size=24}不要凶我……。{/size}
A-markup	1	Story/D_5_4_5_1_010	{size=60}不怕！{/size}
A-markup	1	Story/D_5_4_5_1_012	{size=60}自然要讨！一定要讨！{/size}
A-markup	1	Story/D_5_4_5_2_013	{size=60}辱我小师妹者，千刀万剐杀！{/size}
A-markup	1	Story/D_5_4_5_2_025	{size=60}妈的！！老子一定要宰了你！{/size}
A-markup	1	Story/D_5_4_8_1_001	{size=60}所有人给我听着！{/size}
A-markup	1	Story/D_5_4_8_1_002	{size=60}今日我金乌上人代表崆峒，向唐门高手挑战！{/size}
A-markup	1	Story/D_5_4_8_1_003	{size=60}决胜以前，两边人马不许妄动干戈！{/size}
A-markup	1	Story/D_5_4_8_2_005	{size=60}崆峒派的人都给我停手！{/size}
A-markup	1	Story/D_5_4_8_2_006	{size=60}崆峒派的人都给我听着！{/size}
A-markup	1	Story/D_5_4_8_3_010	{size=60}喝啊──！{/size}
A-markup	1	Story/D_5_4_8_4_1_008	{size=24}你道我方才敲你不死，当真是手下留情吗？{/size}\n{size=24}我这独门武功『烈阳锤』可不是好承教的。{/size}
A-markup	1	Story/D_5_4_8_4_3_004	{size=60}打得好！{/size}
A-markup	1	Story/D_5_4_8_4_3_007	{size=24}你磕头喊我一声爷爷，我就大发慈悲，放你一条活路远走高飞。{/size}\n{size=24}说到底，和尚压根没把你放眼里。{/size}\n{size=24}似你这种浑身臭泥的贱种，摁进屎坑里也一般脏，叫人得意不起来。{/size}
A-markup	1	Story/D_5_4_8_4_3_009	{size=24}要糟蹋，也要挑那些好看、性子高傲的少侠女侠下手，{/size}\n{size=24}看他们平素装模作样，说什么快意恩仇，到头屎尿都管不住的惨样，{/size}\n{size=24}那才叫杰作呢。{/size}
A-markup	1	Story/D_5_4_8_4_4_005	{size=60}我认输了！好汉饶命！{/size}
A-markup	1	Story/D_5_4_8_4_4_011	{size=60}事情已有决断，改日再来拜访！{/size}
A-markup	1	Story/D_5_4_8_4_4_012	{size=60}崆峒派的，全都跟我走！{/size}
A-markup	1	Story/D_5_4_8_5_1_009	{size=60}唐门英雄！{/size}
A-markup	1	Story/D_5_4_8_5_1_010	{size=60}崆峒玄功门服输了，{/size}\n{size=60}今日多有得罪，告辞！{/size}
A-markup	1	Story/D_5_4_8_5_1_011	{size=60}崆峒夺魄门也告辞了！{/size}
A-markup	1	Story/D_5_4_8_5_1_013	{size=60}铁拳门的，都丢够脸啦，回家了！{/size}
A-markup	1	Story/D_5_4_8_5_1_038	{size=24}住口师弟！这里人这么多，别说这种脏话！{/size}
A-markup	1	Story/D_5_4_8_8_1_012	{size=24}谢谢师兄夸奖……。{/size}
A-markup	1	Story/D_5_4_8_8_1_025	{size=60}啊啊啊啊啊──！{/size}
A-markup	1	Story/D_5_4_8_9_015	{size=24}那不然你背我……。{/size}
A-markup	1	Story/D_5_4_8_9_037	{size=24}这样说，我会越来越骄纵的。{/size}
A-markup	1	Story/D_5_5_3_078	{size=24}那也得讲究个两情相悦啊，我的感受呢？别拉我，你别拉我！{/size}
A-markup	1	Story/D_6_10_1_075	{size=50}说时迟，那时快！{/size}
A-markup	1	Story/D_6_10_3_Break_01_059	{size=24}实话说，我觉得小竹模样生得挺俏的，一度嫉妒过师兄。{/size}\n{size=24}现在半点也不羡慕了。{/size}
A-markup	1	Story/D_6_10_3_Break_01_060	{size=24}同感，这么猛，无福消受啊。咱们闪远点为妙。{/size}
A-markup	1	Story/D_6_10_4_139	{size=24}已经，已经要作你老婆了啊……？{/size}
A-markup	1	Story/D_6_10_5_098	{size=24}迟钝的弟子，那是什么表情？{/size}\n{size=24}非要我说那么明白吗？为师想你啊。{/size}\n{size=24}你不沐浴更衣，我怎么跟你亲近？{/size}
A-markup	1	Story/D_6_2_4_025	{size=50}那就不准去！！{/size}
A-markup	1	Story/D_6_3_5_041	{size=24}……一脸为难的样子呢，这位赵少侠莫不是做不了主吗？{/size}
A-markup	1	Story/D_6_3_5_042	{size=24}他毕竟不姓唐，想来只是唐家少不了他出力，才让他带队的。{/size}
A-markup	1	Story/D_6_4_1_038	{size=50}救命啊！！来人啊！！{/size}
A-markup	1	Story/D_6_4_1_040	{size=50}杀人啦！！快来人啊！！{/size}
A-markup	1	Story/D_6_4_3_1_135	{size=50}啥！{/size}
A-markup	1	Story/D_6_4_3_3_3_003	{size=24}公子，你都陪着我们，尊夫人这是吃醋啦！还不快哄哄她！{/size}
A-markup	1	Story/T_6_4_4_4_2_009	{size=50}温夫人是人间道法王？！{/size}
A-markup	1	Story/D_6_5_2_Break_01_052	{size=50}战你娘亲！！{/size}
A-markup	1	Story/N_6_5_2_Break_01_004	{size=40}南宫世家{/size}
A-markup	1	Story/N_6_5_2_Break_01_005	{size=40}嵩山派{/size}
A-markup	1	Story/N_6_5_2_Break_01_006	{size=40}全真派{/size}
A-markup	1	Story/N_6_5_2_Break_01_007	{size=40}点苍派{/size}
A-markup	1	Story/N_6_5_2_Break_01_008	{size=40}峨嵋派{/size}
A-markup	1	Story/N_6_5_2_Break_01_009	{size=40}青城派{/size}
A-markup	1	Story/N_6_5_2_Break_01_010	{size=40}崆峒派{/size}
A-markup	1	Story/N_6_5_2_Break_01_011	{size=40}锦香宫{/size}
A-markup	1	Story/N_6_5_2_Break_01_012	{size=40}丐帮{/size}
A-markup	1	Story/D_6_5_2_Break_01_244	{size=24}阿浅你是想被她打死吗？拿了刀就不能退！这可是她心血力作！{/size}
A-markup	1	Story/D_6_5_2_Break_01_245	{size=24}那、那我该怎么办啊？我买不起这刀啊！总不能白拿！{/size}
A-markup	1	Story/D_6_5_2_Break_01_246	{size=24}小竹要的是认同与肯定，你随便给点当红包就好。{/size}
A-markup	1	Story/D_6_5_2_Break_01_275	{size=50}呜噜汪汪汪汪汪！！{/size}
A-markup	1	Story/D_6_5_3_085	{size=24}觉慧师兄！你……你这是什么话？{/size}\n{size=24}苍生有难，能者多劳，佛说我不入地狱，谁入地狱。{/size}\n{size=24}何况这是再振我嵩山威名，修证佛法的大好时机呀！{/size}
A-markup	1	Story/D_6_5_3_130	{size=24}丹霞子师兄！没看见掌派人冲你摇头摇手吗！{/size}
A-markup	1	Story/D_6_5_3_132	{size=24}不是不争，但还不是时候。{/size}\n{size=24}掌派人年轻，要等各派前辈先推却一轮，再提名讳，才合乎礼数。{/size}
A-markup	1	Story/D_6_5_3_146	{size=50}是！是极！{/size}
A-markup	1	Story/D_6_5_3_1_005	{size=24}上官大人的刀法远胜于我，非同小可，留心。{/size}
A-markup	1	Story/D_6_5_3_3_058	{size=24}我没想岔，我全都知道。{/size}\n{size=24}小妹软弱，款款忠言难以入耳，得靠小萤你当头棒喝才行。{/size}\n{size=24}替我骂一骂他吧。{/size}
A-markup	1	Story/D_6_5_4_025	{size=24}师姐，师父猛盯着南宫世家看，眼里如欲冒出火来。{/size}
A-markup	1	Story/D_6_5_4_106	{size=50}唐门推举外姓弟子叶云舟！{/size}
A-markup	1	Story/D_6_6_1_026	{size=24}帮主，你怎不照稿念？说这什么不伦不类的话！{/size}
A-markup	1	Story/D_6_6_1_027	{size=24}我、我紧张嘛！{/size}
A-markup	1	Story/D_6_6_2_Break_01_245	{size=24}赵郎，你是掌派人，可得有点威严。{/size}
A-markup	1	Story/D_6_6_2_Break_01_261	{size=50}凛遵掌派人法谕！{/size}
A-markup	1	Story/D_6_6_2_Break_01_262	{size=24}阿活阿活，魏掌门也太能干了，你不怕她篡位吗？{/size}
A-markup	1	Story/D_6_6_2_Break_01_263	{size=24}这掌派人之位我如坐针毡，她篡去更好。{/size}
A-markup	1	Story/D_6_6_2_Break_01_282	{size=24}赵郎，不是的。这是純阳真人所著的绝句。{/size}
A-markup	1	Story/D_6_6_2_Break_01_283	{size=24}好在有你提点，我才没闹笑话。{/size}
A-markup	1	Story/D_6_7_1_175	{size=50}今日到会的各位江湖朋友！{/size}
A-markup	1	Story/D_6_7_1_212	{size=50}且慢！！{/size}
A-markup	1	Story/D_6_7_1_418	{size=24}不可！万万不可！{/size}\n{size=24}岂有此理，来人，快和本官一起大喊！不可以！{/size}
A-markup	1	Story/D_6_8_2_3_3_023	{size=50}吓！{/size}
A-markup	1	Story/D_6_8_2_3_5_027	{size=24}无大碍，别声张，别让人看出我受内伤。{/size}
A-markup	1	Story/D_6_8_2_3_5_028	{size=24}是。{/size}
A-markup	1	Story/D_6_8_2_Break_01_127	{size=24}家主和那位都过世了。{/size}\n{size=24}尸身已经命人收敛了。{/size}
A-markup	1	Story/D_6_8_3_027	{size=50}且慢！{/size}
A-markup	1	Story/D_6_8_3_089	{size=50}凭什么！！{/size}
A-markup	1	Story/D_6_8_3_175	{size=50}臭贼秃，你才是魔教徒，你没资格念阿弥陀佛！{/size}
A-markup	1	Story/D_6_8_3_177	{size=40}臭贼秃，你才是魔教徒，你没资格念阿弥陀佛！{/size}\n{size=40}我是崆峒的！我总可以骂吧！{/size}
A-markup	1	Story/D_6_8_3_180	{size=24}崆峒不能轻易招惹，你说话谨慎。{/size}
A-markup	1	Story/D_6_8_3_214	{size=45}犯我掌派人威仪者杀无赦！！{/size}
A-markup	1	Story/D_6_8_3_242	{size=24}当然附和人数众多的一边。{/size}
A-markup	1	Story/D_6_8_3_252	{size=40}不行！不能这样！{/size}\n{size=40}阿叔你不能这样！唐门是好的！{/size}
A-markup	1	Story/D_6_8_3_271	{size=24}住口。你想报恩，就得雪中送炭。{/size}\n{size=24}锦上添花就不必了，看着像墙头草似的，没的让人看不起。{/size}\n{size=24}何况在座都是高人，也没人问你意见。{/size}
A-markup	1	Story/D_6_8_3_282	{size=24}何况……我就喜欢你这样有气魄。{/size}\n{size=24}回头奖励你，生个娃儿给你玩。{/size}
A-markup	1	Story/D_6_8_3_320	{size=50}谁问你了？闭嘴吧你，你到底哪根葱啊！{/size}
A-markup	1	Story/D_6_8_4_011	{size=24}晚上喝酒喔，不见不散。{/size}
A-markup	1	Story/D_6_8_4_050	{size=24}……混蛋。{/size}
A-markup	1	Story/D_6_8_4_051	{size=50}两个贱女人！！{/size}
A-markup	1	Story/D_6_8_4_135	{size=50}呜呜呜呜呜！{/size}
A-markup	1	Story/D_6_8_4_180	{size=50}你说什么！？{/size}
A-markup	1	Story/D_6_8_5_042	{size=24}……住口吧，蠢材。除非这样，否则如何保住宫人？{/size}\n{size=24}别自命正义不凡了，你会害温夫人的觉悟付诸东流。{/size}\n{size=24}你有本事就去改变这个人间，别在这发牢骚。{/size}
A-markup	1	Story/N_Door_Free_501_002	{size=40}工作【护卫】已解锁{/size}
A-markup	1	Story/D_Door_Special_01_01_005	{size=50}我有带秘籍！！{/size}
A-markup	1	Story/D_Door_Special_01_01_008	{size=50}就说了我有带秘籍吼！！{/size}
A-markup	1	Story/D_Door_Special_01_01_009	{size=50}就说了我有带秘籍吼！！要讲几次！你耳聋喔！！{/size}
A-markup	1	Story/N_Meet_01_005	{size=40}唐门月会{/size}\n唐门首脑方有资格参与的月例家会，\n每月贡献达标扣抵之后，可消费剩余贡献度向师长提出建言，影响门派方针。
A-markup	1	Story/D_Meet_Option_501_01_034	{size=24}我知道了。这件宝物，暂时由我保管。{/size}\n{size=24}不过没求到仙丹前，都还不宜声张。{/size}\n{size=24}就怕让人心怀期许，到头又空欢喜一场。{/size}
A-markup	1	Story/D_Meet_Option_501_01_035	{size=24}有道理。{/size}
A-markup	1	Story/D_Meet_Option_704_03_003	{size=30}师弟，我提醒你一句。{/30}\n{size=30}你可得上心点，别在师弟妹的面前胜了三师兄。{/30}\n{size=30}他如今是代掌门，你若胜他，难免师弟妹们的信心不会动摇。{/30}
A-markup	1	Story/D_S0003_02_04_007	{size=24}……他这样说哦。{/size}
A-markup	1	Story/D_S0003_02_06_01_009	{size=24}那个唐布衣人虽然人品有点那个，但武功之高，只能说高深莫测，{/size}\n{size=24}连咱们三人都在他手底下吃过大亏，那次磕头求饶磕到受伤，真惨。{/size}
A-markup	1	Story/D_S0003_02_06_01_010	{size=24}这个叶云舟竟然敢向唐布衣公开挑战，看来真有两把刷子，{/size}\n{size=24}我也想知道唐门第一高手和点苍第一快剑手究竟谁高谁低。{/size}
A-markup	1	Story/D_S0003_02_06_01_011	{size=24}从谈话至今他的姿态都像个外行人，如此托大，是在引诱咱们先出手吧？{/size}\n{size=24}好险，差点就上当了，我刚刚好几次想试着动手打他。{/size}
A-markup	1	Story/D_S0003_02_06_01_012	{size=24}嘿。能够动心忍性，咱仨也长进了啊。{/size}
A-markup	1	Story/D_S0003_02_06_01_013	{size=24}他孤身来到蜀中找人打架，又怕强龙不压地头蛇，所以要咱们广邀武师助阵来着。{/size}
A-markup	1	Story/D_S0003_02_06_01_014	{size=24}那她小妹……是了，这女子既然被玷污了，他自也不介意咱们看上两眼了。{/size}
A-markup	1	Story/D_S0003_02_06_01_015	{size=24}像他这种高手，把名声看得比钱财女人都重要，咱们就成全他吧。{/size}
A-markup	1	Story/D_S0003_02_06_03_038	{punch=0.2,2}喝啊啊啊啊啊啊－－－！！！
A-markup	1	Story/D_S0003_02_07_017	{size=40}叶兄！叶云舟！你快回来，有人要害你妹！{/size}
A-markup	1	Story/D_S0012_01_02_016	{punch=0.2,1}{size=40}住口！{/size}
A-markup	1	Story/D_S0012_01_02_017	{size=24}早听说过你们家二师兄，原来真这么可怕吗。{/size}
A-markup	1	Story/D_S0012_01_02_018	{size=24}我也是第一次看他发这么火，{/size}\n{size=24}我以为他都只会嘴上说说而已。{/size}
A-markup	1	Story/D_S0012_01_02_019	{size=24}你们此刻才知道吗？{/size}\n{size=24}如果大师兄等下被干掉，你们别派的就快下山吧。{/size}\n{size=24}至于本门的，该进毒砂缸就进，反抗只会更惨而已。{/size}
A-markup	1	Story/D_S0012_01_02_026	{size=24}有……有救了！救星来了！{/size}
A-markup	1	Story/D_S0017_02_052	{size=24}这地方好渗人……你看那人一看就不是好东西，说不定是鬼。{/size}\n{size=24}老人家都说：宁睡荒坟，不宿荒庙。我们还是别在这地方待了。{/size}
A-markup	1	Story/D_S0017_02_01_005	{size=24}兄台，你不去追，我如何有脸说体己话，宽慰小娘子呢？{/size}\n{size=24}这点儿小玩意你拿着，回头我见着大公子，再替你说些好话得了。{/size}
A-markup	1	Story/D_S0017_02_02_010	{size=24}壮士，我想请你去追杀方才那人。{/size}
A-markup	1	Story/D_S0017_02_02_012	{size=24}实不相瞒，他是个假道士。经常对嫂子毛手毛脚，{/size}\n{size=24}娘子受辱于他们兄弟，实因苦不堪言，又求助无门，才把芳心寄托在小生身上。{/size}
A-markup	1	Story/D_S0018_05_033	{size=24}什么意思？他这是要放我们走吗？{/size}
A-markup	1	Story/D_S0018_05_034	{size=24}八成是，好汉不吃眼前亏，先照做就是，找齐人马再回来闹。{/size}
A-markup	1	Story/D_S0018_05_067	{size=24}叶兄，配合一下，快配合一下。{/size}\n{size=24}我二师兄医术可比李大夫都高明太多了，云裳妹子的病还须请他医治。{/size}
A-markup	1	Story/D_S0018_06_114	{size=24}不能说这种话，唐门心胸最狭窄，{/size}\n{size=24}你要面子说来日再讨教，他们是真的会找到你家里去的！{/size}
A-markup	1	Story/D_S0018_06_117	{size=24}走了，小伙子，你是初生之犊不畏虎。{/size}\n{size=24}你不见外边这么多人，敢进大院的，就你们这些嘴上没毛的年轻小伙吗？{/size}\n{size=24}你要是听过、看过唐老魔千里追命，就不敢放肆了，还不走，找死不成！{/size}
A-markup	1	Story/D_S0018_06_133	{size=24}我有一个疑问。{/size}
A-markup	1	Story/D_S0018_06_135	{size=24}我哥哥到底算是少侠还是大侠。{/size}
A-markup	1	Story/D_S0100_01_017	{size=50}三师兄你给我闭嘴！！{/size}
A-markup	1	Story/D_S0104_01_032	{size=24}师弟，这等丑事，不宜外扬。{/size}\n{size=24}打发走外人，再来细究。{/size}
A-markup	1	Story/D_S0105_01_009	{size=24}竟然不是易容。{/size}
A-markup	1	Story/D_S0106_01_021	{size=50}闭嘴！！{/size}
A-markup	1	Story/D_S0108_01_003	{size=24}你这个无能的废物！活在世上糟蹋米粮！{/size}\n{size=24}你这种垃圾就该出生被扔进厨余桶，屎还能作肥料，你连屎都不如！{/size}\n{size=24}去死！就当是做善事，给我立刻去死，你死了，世道就清平了！{/size}
A-markup	1	Story/D_S0301_01_004	{size=24}喝，哼嗯～哈！{/size}
A-markup	1	Story/D_S0302_01_015	{size=50}什么？！！{/size}
A-markup	1	Story/D_S0303_01_041	{size=50}官家有令，金国将士全都停手！{/size}
A-markup	1	Story/D_S0303_01_064	{size=24}燕云十六州在哪？{/size}
A-markup	1	Story/D_S0303_01_095	{size=50}众将听令，宣朕旨意，纵放所有擒住的刺客。{/size}
A-markup	1	Story/D_S0303_01_096	{size=50}闲杂人等，尽速退去，再赶逗留，休怪朕天威轰顶！{/size}
A-markup	1	Story/D_S0401_01_094	{size=24}呿。{/size}
A-markup	1	Story/D_S0602_01_013	{size=24}那、那当然，你的小竹，怎么能让夫君丢脸呢。{/size}
A-markup	1	Story/D_S0602_01_019	{size=50}我才！{/size}
A-markup	1	Story/D_S0602_01_020	{size=50}没生气！{/size}
A-markup	1	Story/D_S0602_01_022	{size=24}我是说……那当然，你的小竹，怎么能让夫君丢脸呢？{/size}
A-markup	1	Story/D_S2001_01_007	{size=24}胖的是债主吕翁，另一位是吕家管算账的先生。{/size}
A-markup	1	Story/D_S2001_01_008	{size=24}我理会得。{/size}
A-markup	1	Story/D_S2001_01_017	{size=24}师弟，多亏你心细如尘。{/size}\n{size=24}君子敬而无失，与人恭而有礼，四海之内皆兄弟也。{/size}
A-markup	1	Story/D_S2001_01_018	{size=24}要不然，吕翁一路暴跳如雷，压根无法好好说话。{/size}\n{size=24}我不怕他催债，就怕他气到双脚一蹬，反要把小命交代在山上。{/size}\n{size=24}到时真不敢想世人会如何传闻了。{/size}
A-markup	1	Story/D_S2001_01_019	{size=24}三师兄，先别高兴得太早，难关还没过呢。{/size}
A-markup	1	Story/D_S2001_01_023	{size=24}三师兄，你跟我讲干嘛？{/size}\n{size=24}我又帮不上什么忙。{/size}
A-markup	1	Story/D_S2001_01_024	{size=24}呃……说得也是，抱歉，我心慌则乱。{/size}
A-markup	1	Story/D_S2001_01_140	{size=40}且慢！！{/size}
A-markup	1	Story/D_S2001_01_157	{size=24}先生，他说那什么意思？{/size}
A-markup	1	Story/D_S2001_01_158	{size=24}他意思是说，人只要活得正直，便不须靠侥幸来避祸。{/size}\n{size=24}换言之便是骨头硬得很的意思。{/size}
A-markup	1	Story/D_S2001_01_184	{size=40}三师兄你让开！老子今日必须诛此二贼！{/size}
A-markup	1	Story/D_S2002_02_009	{size=24}别听她胡说，她那叫过得去，天下就没狠人了。{/size}\n{size=24}做生意的人没一个敢到临安福州、建州一带捋虎须的，这女子手段比她爹都绝。{/size}
A-markup	1	Story/D_S2002_02_010	{size=24}这么厉害的吗？{/size}
A-markup	1	Story/D_S2002_02_011	{size=24}上官家的千金不愧是大家闺秀，乖乖不得了，听上去本领大的很啊。{/size}\n{size=24}谈吐确是不凡，难得生得还这般好看。{/size}
A-markup	1	Story/D_S2002_02_012	{size=24}有钱人家的儿女，本就好看的居多。{/size}\n{size=24}有钱就娶得了美娇娘，美貌娘亲生的女儿，自然也难看不到哪里去。{/size}
A-markup	1	Story/D_S2002_03_Break_003	{size=24}可得谨慎点，这话我只在这儿说，这龙凤团茶，乃是贡茶。{/size}\n{size=24}是皇家专用的茶，非得御赐等闲难有，这一块却是偷凿下来，献给上官家的。{/size}
A-markup	1	Story/D_S2002_03_Break_007	{size=24}你家大小姐好像生气了。{/size}
A-markup	1	Story/D_S2002_03_Break_008	{size=24}你泡的太敷衍了，那什么茶焙笼、茶辗、茶磨、茶筛一概没用上。{/size}\n{size=24}难怪大小姐要不高兴了。{/size}
A-markup	1	Story/D_S2002_03_Break_009	{size=24}我哪知道那些东西怎么用，茶不就是茶叶丢热水里就泡好了吗？{/size}\n{size=24}话说你不是号称要看着我泡吗？我泡的时候你又不出声。{/size}
A-markup	1	Story/D_S2002_03_Break_014	{size=60}就跟你说那茶很金贵了！你以为是免钱的喔！{/size}
A-markup	1	Story/D_S2002_03_Break_015	{size=60}我警告你不要动手动脚的喔！{/size}
A-markup	1	Story/D_S2002_04_048	{size=24}师弟，你想说啥？别乱来呀。{/size}
A-markup	1	Story/D_S2002_04_079	{size=24}上官姑娘，此事兹事体大。{/size}\n{size=24}此中利弊还须慢慢分说，徐图缓进为好。{/size}\n{size=24}太着急的话，反而会把好事给说坏了。{/size}
A-markup	1	Story/D_S2200_01_004	{size=50}各派留学我大崆峒山的侠士侠女！{/size}\n{size=50}都请出来相见！{/size}
A-markup	1	Story/D_S2200_04_065	{size=50}给我乖乖闭嘴听着！{/size}
A-markup	1	Story/D_S2300_01_040	{size=24}师弟，你果真不认识此人？{/size}
A-markup	1	Story/D_S2300_01_041	{size=24}我以性命担保，半点不认识。{/size}
A-markup	1	Story/D_S2300_01_101	{size=24}傻妞，快拜吧。{/size}
A-markup	1	Story/D_S2500_02_034	{size=24}哎走。{/size}
A-markup	1	Story/D_S2504_01_129	{size=50}什么！{/size}
A-markup	1	Story/D_S2504_02_07_026	{size=50}咦耶哎──？！！{/size}
A-markup	1	Story/D_S2504_04_008	{size=50}什么！？{/size}
A-markup	1	Story/D_S8400_01_022	{size=24}怎么办？他该不会真有两把刷子吧。{/size}
A-markup	1	Story/D_S9907_01_011	{size=24}师兄弟们，我们先退远点。{/size}
A-plain	14	DiceHeader/Ch_1_4_2_2	你的反应
A-plain	11	DiceHeader/Ch_1_5_7_1_2	你的抉择
A-plain	9	DiceHeader/Ch_6_4_3_4_001	由谁出战
A-plain	8	DiceHeader/Ch_3_6_3_001	你的对手
A-plain	6	DiceHeader/S9904_01_02_001	你的想法
A-plain	5	DiceHeader/Ch_0_5_002	来者何人
A-plain	5	DiceHeader/Ch_1_5_7_1_1	你的察觉
A-plain	4	DiceHeader/Ch_4_5_3_Break_002	说服
A-plain	4	DiceHeader/Ch_8_1_2_001	你的对策
A-plain	4	DiceHeader/S0014_01_01_001	结果
A-plain	4	DiceHeader/S2504_02_04_001	你的抵抗
A-plain	4	Story/O_Door_02_504_002	解锁条件：银两>=500
A-plain	3	DiceHeader/Ch_0_4_002	小师妹的想法
A-plain	3	DiceHeader/Ch_4_6_5_2_001	胜利者是
A-plain	3	DiceHeader/Ch_5_4_2_002	赌博胜负
A-plain	3	DiceHeader/Ch_5_4_7_3_2_001	逃脱
A-plain	3	DiceHeader/Meeting_Option_704_01_001	考官是
A-plain	2	DiceHeader/Ch_0_4_001	做点事情吧
A-plain	2	DiceHeader/Ch_0_M_04_01_001	段考的考官
A-plain	2	DiceHeader/Ch_1_4_2_3	领悟其中之意
A-plain	2	DiceHeader/Ch_2_4_5_3_Break_01_001	你的犯意
A-plain	2	DiceHeader/Ch_3_11_2_001	挑战者是
A-plain	2	DiceHeader/Ch_3_11_3_001	运功疗伤
A-plain	2	DiceHeader/Ch_4_5_3_Break_001	你的领悟
A-plain	2	DiceHeader/Ch_5_4_8_8_1_001	拦截
A-plain	2	DiceHeader/Ch_6_4_4_3_001	温夫人的想法
A-plain	2	DiceHeader/Ch_7_4_3_1_001	三师兄的决策
A-plain	2	DiceHeader/Ch_7_4_3_1_003	四师兄的决策
A-plain	2	DiceHeader/Ch_7_5_4_2_1_001	一个小时之后的你
A-plain	2	DiceHeader/Ch_7_5_5_2_001	丐帮大义分舵之行
A-plain	2	DiceHeader/Ch_7_5_5_3_001	出使峨嵋派的结果
A-plain	2	DiceHeader/Ch_7_5_5_3_003	向无忧的态度
A-plain	2	DiceHeader/Ch_7_5_5_4_001	出使青城派的结果
A-plain	2	DiceHeader/Ch_8_2_5_1_001	第一个刺客是
A-plain	2	DiceHeader/Ch_8_2_5_5_001	第二个刺客是
A-plain	2	DiceHeader/Ch_8_2_6_3_2_002	武林盟的消耗
A-plain	2	DiceHeader/Ch_8_1_1_4_001	接下来
A-plain	2	DiceHeader/Ch_8_3_1_3_2_001	哪个是真的大师兄
A-plain	2	DiceHeader/S0020_02_03_001	龙湘的反应
A-plain	2	DiceHeader/S2200_03_001	你的下一个对手
A-plain	2	DiceHeader/Ch_2_4_7_1_001	你的上山之路
A-plain	2	DiceHeader/Ch_3_3_2_2_001	叶云裳的今日点心
A-plain	2	DiceHeader/S3002_01_001	叶云裳给的秘籍
A-plain	2	DiceHeader/S0208_04_02_001	今日伙食
A-plain	2	DiceHeader/S0208_04_03_002	叶云裳的探索成果
A-plain	2	Story/O_S0026_01_01_005	解锁条件：银两>=1000
A-plain	2	Story/O_Door_02_506_004	解锁条件：银两>=200
A-plain	2	Story/O_4_3_2_004	解锁条件：嘴力>=50
A-plain	1	CharacterTitle/player	{title}
A-plain	1	Character/special209	丘处机 
A-plain	1	CombatSkill/Desc/F005	心印掌。
A-plain	1	CombatInfo/curse	嘴攻：\n出口伤人的控制手段，可挫敌锐气，降低绝招伤害，\n使人投鼠忌器不敢轻举妄动，有时会激怒对方。 
A-plain	1	CombatInfo/weapon	暗器：\n唐门拿手绝活，投掷暗器造成伤害，\n累积异常状态，可中断嘴攻、捅人行动。 
A-plain	1	CombatInfo/ultimate	绝招：\n消耗大量的气力，造成强大的伤害。\n<color=#FF0000>可中断捅人、暗器行动</color>
A-plain	1	CombatTalking/S200	可恶...快不行了...换人！
A-plain	1	DiceHeader/Ch_0_5_001	落跑的唐门弟子
A-plain	1	DiceHeader/Ch_0_M_02_001	你想说的事情
A-plain	1	DiceHeader/Ch_0_M_03_02_001	送给飞石帮主的礼物
A-plain	1	DiceHeader/Ch_1_1_001	招募弟子结果
A-plain	1	DiceHeader/Ch_1_1_1_001	掌门找你的原因
A-plain	1	DiceHeader/Ch_1_1_1_002	你干了哪件事
A-plain	1	DiceHeader/Ch_1_1_2	愤怒指数
A-plain	1	DiceHeader/Ch_1_2_3_001	三师兄想教你练功
A-plain	1	DiceHeader/Ch_1_2_3_002	惊吓指数
A-plain	1	DiceHeader/Ch_1_2_3_3	大师兄要求与飞石帮战斗
A-plain	1	DiceHeader/Ch_1_4_2_1	是否听过杏梢锦囊
A-plain	1	DiceHeader/Ch_1_4_3_4	要做什么呢
A-plain	1	DiceHeader/Ch_1_4_3_5	是否听过阎关三煞的名号
A-plain	1	DiceHeader/Ch_1_5_1	客栈的消遣
A-plain	1	DiceHeader/Ch_1_5_1_1	赢钱了吗
A-plain	1	DiceHeader/Ch_1_5_1_2	要读什么书呢
A-plain	1	DiceHeader/Ch_1_5_1_3	找工作的际遇
A-plain	1	DiceHeader/Ch_1_5_4	了解二师兄的深意
A-plain	1	DiceHeader/Ch_1_5_5_1	这口痰命中你的机率
A-plain	1	DiceHeader/Ch_1_5_5_2	可疑行径的威慑力
A-plain	1	DiceHeader/Ch_1_5_6_1	理解二师兄的深意
A-plain	1	DiceHeader/Ch_1_5_6_2	为何你会身中此毒
A-plain	1	DiceHeader/Ch_1_5_6_3	往下跳的结果
A-plain	1	DiceHeader/Ch_1_5_7_2_1	暴怒指数
A-plain	1	DiceHeader/Ch_1_5_7_2_2	实际的伤势
A-plain	1	DiceHeader/Ch_1_5_7_2_3_1	是否听过万里鹏程
A-plain	1	DiceHeader/Ch_1_5_7_2_3_3	你的歌喉
A-plain	1	DiceHeader/Ch_1_5_8_4_1	现场的失控程度
A-plain	1	DiceHeader/Ch_1_5_8_5_1	打算下的毒
A-plain	1	DiceHeader/Ch_1_5_8_5_2_1	毒药的威力
A-plain	1	DiceHeader/Ch_1_5_8_5_4_1	唬烂结果
A-plain	1	DiceHeader/Ch_1_6_1	理解二师兄的行为
A-plain	1	DiceHeader/Ch_1_6_2	考虑离开唐门
A-plain	1	DiceHeader/S9100_01_002	能否领会二师兄的言外之意
A-plain	1	DiceHeader/S8000_01_01	练药是否成功
A-plain	1	DiceHeader/S8400_02_001	蒙面人送你的秘籍
A-plain	1	DiceHeader/S9904_01_001	有趣的事情
A-plain	1	DiceHeader/S9905_01_002	暗器向你射来
A-plain	1	DiceHeader/Live_Demo_01	是否预购活侠传呢
A-plain	1	DiceHeader/Dice_pv_1_2	飞渡破损栈道
A-plain	1	DiceHeader/Talk_Brother3_03_01	重要的事情
A-plain	1	DiceHeader/Talk_Brother4_01_01	打听的事
A-plain	1	DiceHeader/PV_02_001	试图说服唐门弟子
A-plain	1	DiceHeader/Back_Work_M_02_001	不速之客向你逼近
A-plain	1	DiceHeader/Back_Work_501_001	叶云裳的冲击
A-plain	1	DiceHeader/Room_Work_02	与弟子赌博
A-plain	1	DiceHeader/Ch_2_2_2_001	被采纳的意见是
A-plain	1	DiceHeader/Ch_2_2_3_2_001	剪药的结果
A-plain	1	DiceHeader/Ch_2_2_3_4_3_Break_01_04_02_001	你的信用
A-plain	1	DiceHeader/Ch_2_2_5_4_001	似乎在讨论什么
A-plain	1	DiceHeader/Ch_2_2_6_5_001	是否会意
A-plain	1	DiceHeader/Ch_2_4_1_001	你察觉了什么
A-plain	1	DiceHeader/Ch_2_5_1_1_001	门派抽签结果
A-plain	1	DiceHeader/Ch_2_5_2_2_001	打击程度
A-plain	1	DiceHeader/Ch_2_5_3_2_001	心跳程度
A-plain	1	DiceHeader/Ch_2_5_3_4_1_001	在那之前
A-plain	1	DiceHeader/Ch_2_8_1_001	接下来去哪
A-plain	1	DiceHeader/Ch_2_8_1_002	走了多少人
A-plain	1	DiceHeader/Ch_3_2_3_2_Break_04_001	决斗结果
A-plain	1	DiceHeader/Ch_3_2_3_2_5_001	天武门的反应
A-plain	1	DiceHeader/Ch_3_5_2_001	官兵大战丐帮的结果
A-plain	1	DiceHeader/Ch_3_5_2_002	我呢？我又如何
A-plain	1	DiceHeader/Ch_3_5_3_1_001	抓获的丐帮弟子
A-plain	1	DiceHeader/Ch_3_5_3_7_Break_01_001	大师兄所在
A-plain	1	DiceHeader/Ch_3_5_3_7_Break_01_002	思想战的胜负
A-plain	1	DiceHeader/Ch_3_6_4_001	休沐日遭遇的是
A-plain	1	DiceHeader/Ch_3_6_4_1_001	你的修养
A-plain	1	DiceHeader/Ch_3_6_4_3_001	南宫远的行动
A-plain	1	DiceHeader/Ch_3_8_2_001	你是在哼什么？
A-plain	1	DiceHeader/Ch_3_9_1_Break_01_001	你的战绩
A-plain	1	DiceHeader/Ch_4_2_3_1_001	收服弟子
A-plain	1	DiceHeader/Ch_4_2_3_3_001	争执的结果
A-plain	1	DiceHeader/Ch_4_2_4_1_001	你的犯罪冲动
A-plain	1	DiceHeader/Ch_4_3_2_001	你的嘴攻冲动
A-plain	1	DiceHeader/Ch_4_4_1_001	你的召唤咒文
A-plain	1	DiceHeader/Ch_4_5_1_001	需要多带帮手吗？
A-plain	1	DiceHeader/Ch_4_5_4_001	朱婶的意向
A-plain	1	DiceHeader/Ch_4_6_1_001	她就是
A-plain	1	DiceHeader/Ch_4_6_2_001	大师兄的绝招
A-plain	1	DiceHeader/Ch_4_6_11_001	你的觉悟
A-plain	1	DiceHeader/Ch_4_6_13_001	你的决定
A-plain	1	DiceHeader/Ch_4_6_13_1_001	主攻者
A-plain	1	DiceHeader/Ch_4_6_16_001	你的勇气
A-plain	1	DiceHeader/Ch_4_7_2_Break_001	怎么办
A-plain	1	DiceHeader/Ch_4_7_4_1_002	龙湘的钱包
A-plain	1	DiceHeader/Ch_4_8_1_001	谁先放手
A-plain	1	DiceHeader/Ch_4_8_9_3_001	是什么酒
A-plain	1	DiceHeader/Ch_4_9_3_4_001	叶云裳采取的行动
A-plain	1	DiceHeader/Ch_5_2_5_001	带媒人的数量
A-plain	1	DiceHeader/Ch_5_2_7_1_001	你的猜测
A-plain	1	DiceHeader/Ch_5_3_3_001	凭何无妨？
A-plain	1	DiceHeader/Ch_5_3_4_1_001	解无尘的来意
A-plain	1	DiceHeader/Ch_5_4_2_005	集体坠落
A-plain	1	DiceHeader/Ch_5_4_7_3_7_001	发觉
A-plain	1	DiceHeader/Ch_5_5_2_Break_01_001	打破沉默的是
A-plain	1	DiceHeader/Ch_6_2_3_001	那么人选
A-plain	1	DiceHeader/Ch_6_3_4_001	办妥了是说
A-plain	1	DiceHeader/Ch_6_4_3_1_001	游伴是
A-plain	1	DiceHeader/Ch_6_4_3_3_001	你今日的对手
A-plain	1	DiceHeader/Ch_6_4_4_1_001	小竹的方针
A-plain	1	DiceHeader/Ch_6_4_4_4_2_001	声波对你的影响
A-plain	1	DiceHeader/Ch_6_5_3_001	你的意图
A-plain	1	DiceHeader/Ch_6_5_3_1_001	对上官隼沟通策略
A-plain	1	DiceHeader/Ch_6_7_3_001	画中仙的抉择
A-plain	1	DiceHeader/Ch_6_8_2_Break_01_001	唐门伤亡
A-plain	1	DiceHeader/Ch_6_8_2_Break_01_002	龙湘的怀疑
A-plain	1	DiceHeader/Ch_6_8_2_3_3_001	惊吓程度
A-plain	1	DiceHeader/Ch_6_8_3_001	全真派印象
A-plain	1	DiceHeader/Ch_6_8_3_002	嵩山派印象
A-plain	1	DiceHeader/Ch_6_8_3_003	青城派印象
A-plain	1	DiceHeader/Ch_6_8_3_004	点苍派印象
A-plain	1	DiceHeader/Ch_6_8_3_005	峨嵋派印象
A-plain	1	DiceHeader/Ch_6_8_3_006	崆峒派印象
A-plain	1	DiceHeader/Ch_6_8_3_007	南宫世家印象
A-plain	1	DiceHeader/Ch_6_10_1_001	村民的想法
A-plain	1	DiceHeader/Ch_6_10_3_Break_01_002	你说了啥
A-plain	1	DiceHeader/Ch_6_10_4_001	说点什么
A-plain	1	DiceHeader/Ch_6_10_4_002	如何回应
A-plain	1	DiceHeader/Ch_7_1_3_1_001	弟子的意图
A-plain	1	DiceHeader/Ch_7_3_2_1_001	小师妹想好了吗
A-plain	1	DiceHeader/Ch_7_3_2_8_001	上官萤的建言
A-plain	1	DiceHeader/Ch_7_4_3_1_005	小师妹的决策
A-plain	1	DiceHeader/Ch_7_5_2_8_1_001	你的心意
A-plain	1	DiceHeader/Ch_7_5_3_1_001	龙湘的想法
A-plain	1	DiceHeader/Ch_7_5_4_1_001	三师兄正在犹豫
A-plain	1	DiceHeader/Ch_7_5_4_8_001	掌门令牌
A-plain	1	DiceHeader/Ch_7_5_4_8_002	你的野心
A-plain	1	DiceHeader/Ch_7_5_4_9_1_001	三师兄的回应
A-plain	1	DiceHeader/Ch_7_5_4_9_1_002	弟子的回应
A-plain	1	DiceHeader/Ch_7_5_5_5_001	中小门派答复
A-plain	1	DiceHeader/Ch_7_5_5_6_001	崆峒派的答复
A-plain	1	DiceHeader/Ch_8_2_1_001	你接下来
A-plain	1	DiceHeader/Ch_8_2_5_6_1_001	你的回应
A-plain	1	DiceHeader/Ch_8_2_5_6_1_002	小梅的心
A-plain	1	DiceHeader/Ch_8_2_5_8_1_001	店小二的心
A-plain	1	DiceHeader/Ch_8_2_5_10_Break_01_001	调息的效果
A-plain	1	DiceHeader/Ch_8_2_6_3_2_001	武林人的回应
A-plain	1	DiceHeader/Ch_8_1_1_1_001	弟子出走结果
A-plain	1	DiceHeader/Ch_8_1_1_2_001	第一战
A-plain	1	DiceHeader/Ch_8_3_1_2_001	向无忧的目标
A-plain	1	DiceHeader/Ch_8_3_2_1_001	大院的情况
A-plain	1	DiceHeader/Ch_8_3_2_2_3_001	南宫深的反应
A-plain	1	DiceHeader/Ch_8_4_1_001	龙湘的觉悟
A-plain	1	DiceHeader/Ch_8_4_2_1_001	龙湘的真面目
A-plain	1	DiceHeader/Ch_8_4_5_1_001	龙湘的特征
A-plain	1	DiceHeader/Ch_8_6_1_001	抉择
A-plain	1	DiceHeader/Meeting_Option_501_01_001	四师兄的回馈
A-plain	1	DiceHeader/Meeting_Option_703_01_001	挑战飞石帮
A-plain	1	DiceHeader/Travel_401_501_01_001	论战胜负
A-plain	1	DiceHeader/Section_01_Free_06_03_001	死亡擂台对手
A-plain	1	DiceHeader/Travel_310_502_001	有人坠马
A-plain	1	DiceHeader/Travel_601_904_01_001	如何处置
A-plain	1	DiceHeader/S0002_07_02_01	巴结行动
A-plain	1	DiceHeader/S0002_08_01_02_01	顾药的结果
A-plain	1	DiceHeader/S0002_08_02_01	怎么办呢
A-plain	1	DiceHeader/S0002_08_01_03_01	决定看的书
A-plain	1	DiceHeader/S0003_01_02_001	出手相助斗笠人
A-plain	1	DiceHeader/S0003_01_03_001	李大夫对你的好感度
A-plain	1	DiceHeader/S0003_02_01_001	找零工赚点快钱
A-plain	1	DiceHeader/S0003_02_04_001	对阎关三煞唬烂
A-plain	1	DiceHeader/S0003_02_06_001	你的智谋
A-plain	1	DiceHeader/S0003_02_09_001	你的心动程度
A-plain	1	DiceHeader/S0012_01_03_001	咬你的是
A-plain	1	DiceHeader/S0014_01_03_001	小梅的厨艺
A-plain	1	DiceHeader/S0017_01_001	你正在
A-plain	1	DiceHeader/S0017_02_001	是否烤鸡
A-plain	1	DiceHeader/S0017_02_002	中毒程度
A-plain	1	DiceHeader/S0017_03_001	你的警觉
A-plain	1	DiceHeader/S0018_03_001	叶云裳的办法
A-plain	1	DiceHeader/S0018_06_001	推举出的人选
A-plain	1	DiceHeader/S0022_01_02_001	大师兄的抉择
A-plain	1	DiceHeader/S0022_01_02_002	你的飞行方向
A-plain	1	DiceHeader/S0023_01_03_01_001	大师兄召唤术
A-plain	1	DiceHeader/S0024_01_001	弟子的反应
A-plain	1	DiceHeader/S0024_01_002	二师兄的反应
A-plain	1	DiceHeader/S0024_01_02_001	乞丐与和尚的决斗
A-plain	1	DiceHeader/S0106_01_001	大师姑今日的心情
A-plain	1	DiceHeader/S0301_02_001	阁下便是
A-plain	1	DiceHeader/S0602_01_001	小竹的勇气
A-plain	1	DiceHeader/S0603_02_001	叶云裳的行径
A-plain	1	DiceHeader/S0603_02_002	你的解释
A-plain	1	DiceHeader/S2001_01_002	打发时间读书
A-plain	1	DiceHeader/S2001_01_003	吕翁的提议
A-plain	1	DiceHeader/S2001_01_03_001	追击结果
A-plain	1	DiceHeader/S2002_01_001	有礼物吗
A-plain	1	DiceHeader/S2002_03_Break_001	你泡的茶
A-plain	1	DiceHeader/S2100_02_02_001	你试的药
A-plain	1	DiceHeader/S2200_02_01_001	胜负
A-plain	1	DiceHeader/S2200_03_02_001	樊啸天的理智
A-plain	1	DiceHeader/S2200_03_02_002	樊啸天拔的草
A-plain	1	DiceHeader/S2500_01_001	树屋规格
A-plain	1	DiceHeader/S2502_01_001	你们的午饭
A-plain	1	DiceHeader/S2504_02_001	夏侯兰的首肯
A-plain	1	DiceHeader/S2504_02_03_001	夏侯兰的决定
A-plain	1	DiceHeader/S2504_02_03_002	第三香给的东西
A-plain	1	DiceHeader/S0120_01_001	三师兄的决定
A-plain	1	DiceHeader/Door_Free_102_001	故意朝你撞过来
A-plain	1	DiceHeader/Kitchen_Work_903_001	新花样
A-plain	1	DiceHeader/Talk_Girl_05_01_001	做什么
A-plain	1	DiceHeader/Talk_Girl_05_02_001	新娘子人选
A-plain	1	DiceHeader/Talk_Girl_05_02_002	你的安抚
A-plain	1	DiceHeader/Talk_Girl_05_02_01_001	修练成效
A-plain	1	DiceHeader/PV_03_01_001	此人就是
A-plain	1	DiceHeader/PV_03_01_002	真的是这样吗？
A-plain	1	DiceHeader/Act_1_001	你是
A-plain	1	DiceHeader/Act_2_1_001	对手是
A-plain	1	DiceHeader/Talk_Brother4_02_01_01_001	你打听的事情
A-plain	1	DiceHeader/Talk_Brother4_02_03_01_001	你的辩解
A-plain	1	DiceHeader/S0202_02_03_001	你的冰糖葫芦生意
A-plain	1	DiceHeader/Ch_2_4_6_2_2_001	鬼卒的叉尖所向
A-plain	1	DiceHeader/S0203_01_001	唐芳药材回收程度
A-plain	1	DiceHeader/S0205_01_001	小师妹的抵抗
A-plain	1	DiceHeader/Ch_2_4_8_10_001	三师兄的发现
A-plain	1	DiceHeader/Ch_2_4_8_11_001	你的遭遇
A-plain	1	DiceHeader/Ch_2_4_8_11_002	你的人马呢？
A-plain	1	DiceHeader/Ch_2_4_10_2_001	你的对应方针
A-plain	1	DiceHeader/Ch_2_4_10_2_002	这场论战的胜负
A-plain	1	DiceHeader/Ch_3_3_1_2_001	你的战利品
A-plain	1	DiceHeader/Ch_3_3_2_1_Break_01_001	你的晚膳
A-plain	1	DiceHeader/S3001_01_002	申屠龙挣扎中
A-plain	1	DiceHeader/Ch_3_1_2_1_001	仇敌现身
A-plain	1	DiceHeader/Section_02_Free_01_02_901_001	申屠龙对你的安排
A-plain	1	DiceHeader/S3004_01_001	四师兄送你的东西
A-plain	1	DiceHeader/S3005_01_001	你的行动
A-plain	1	DiceHeader/Ch_3_1_4_3_1_001	段智秀的问题
A-plain	1	DiceHeader/Ch_3_1_5_2_001	还剩下你
A-plain	1	DiceHeader/Ch_3_1_6_4_001	你的挣扎
A-plain	1	DiceHeader/Ch_3_1_7_1_001	是否携带药材
A-plain	1	DiceHeader/Ch_3_1_7_4_001	拦路者何人
A-plain	1	DiceHeader/Ch_3_1_7_2_01_001	站哨
A-plain	1	DiceHeader/Ch_2_6_3_1_001	二师兄的决断
A-plain	1	DiceHeader/Ch_2_6_2_1_001	精神伤害判定
A-plain	1	DiceHeader/Ch_2_6_2_1_002	精神伤害鉴定
A-plain	1	DiceHeader/S0027_01_001	你的下场
A-plain	1	DiceHeader/S0208_02_03_001	比拼内力
A-plain	1	DiceHeader/S0208_03_01_001	你睡了吗
A-plain	1	DiceHeader/S0208_04_03_001	叶云裳在喇逼鵰
A-plain	1	DiceHeader/S0204_01_001	叶云舟的想法
A-plain	1	DiceHeader/Ch_6_8_3_008	岭南派的意见
A-plain	1	DiceHeader/Ch_7_5_6_6_001	龙湘要不要钻牛角尖？
A-plain	1	DiceHeader/Ch_8_4_1_002	南宫深的回答
A-plain	1	DiceHeader/Ch_8_4_11_1_001	背后劲风来袭
A-plain	1	DiceHeader/S0213_01_001	有人来了
A-plain	1	DiceHeader/S0701_01_01_001	小师妹的反应
A-plain	1	EnemyTeam/301	金兵
A-plain	1	LegendInfo/Ch_0_M_04_01_02_001	四师兄担任考官，在众弟子的见证下，你和三师兄捉对演武。\n你等二人的攻防蕴含了唐门武功的神髓，众弟子各有感悟，对你和三师兄的武功感佩于心。  
A-plain	1	LegendInfo/Ch_2_2_5_4_002	\n席间各派门人吵吵嚷嚷，既没人看得起你前来客套一番，你索性便自得其乐，吃你自己的酒菜，不亦乐乎。\n怎料他们聊着聊着，忽然把矛头齐齐指向了与世无争的你，言语之间，甚至辱及师门。 
A-plain	1	LegendInfo/Ch_2_2_5_4_003	你读了这许多书，也不是白读的。\n当下也不发火，沉着性子，不亢不卑晓以大义，阐明道理，有古时圣人背书，无懈可击，\n这等江湖草莽，压根无言可对，想找麻烦反碰得一鼻子灰，听是没听进去，却对你这人生了几分敬畏之心。 
A-plain	1	LegendInfo/Ch_2_2_5_4_004	他们肆无忌惮议论著江湖有名的女子，又将话头谈到唐门头上，你一气之下搬出了小师妹，反让小师妹被人讥嘲，说她从未下山走动，必是貌丑见不得人。\n辱你无妨，辱你师门者可恨，辱你小师妹者不共戴天。\n你当即拍案而起，将人摁到地上疯狂殴打。\n南宫族人连忙赶至，将你俩分开。两方各执一词，一时难分对错，又有众口铄金，你反被冤枉。除了大师兄之外，其他师兄都不免怨你冲动，有损师门名誉。 
A-plain	1	LegendInfo/Ch_2_2_5_4_005	他们肆无忌惮议论著江湖有名的女子，又将话头谈到唐门头上，你一气之下搬出了小师妹，反让小师妹被人讥嘲，说她从未下山走动，必是貌丑见不得人。\n辱你无妨，辱你师门者可恨，辱你小师妹者不共戴天。\n你当即拍案而起，想和此敌同归于尽，小师妹却在此时飘然而至。\n那几人见了小师妹的容貌，登时无话可说，后悔不该贸然出言相讥，纷纷辩解，唐门对头点苍派的甚至起了歹心想博得美人青睐，背叛了方才新结交的朋友们，混乱厮斗起来。\n小师妹却自始至终不将他们几人言语放在心上，为你拍拍顺气，劝你不要生气，便回去了。 
A-plain	1	LegendInfo/Ch_2_2_5_4_007	你处世豪爽，懒得多费唇舌，开宗明义要就打，不打就闭嘴。一番抢白便令他们再也不敢言语，他们倒非真怕了你这个名不见经传的小人物，怕只怕闹大开罪南宫世家。\n当下悻悻然不再答话，却暗暗将你记下了，来日江湖再见，再找你算账不迟。 
A-plain	1	LegendInfo/Ch_2_2_6_005	老寿星有一个心愿，必须广邀武林同道共襄盛举方始能成，究竟是何心愿还未说，似要先铺陈一阵，还开玩笑说他的故事又臭又长，没有耐性的年轻人可以先打个盹儿，待会要讲重点再唤你们起床。 
A-plain	1	LegendInfo/Ch_5_4_8_8_2_002	他满腔欲念、野心犹未实现，不肯就死，苦苦恋栈人世，别的妄语尚且能忍，但他辱及你心上人，那就不行，又补上一镖，终于令此巨恶伏诛。 
A-plain	1	LegendInfo/Ch_6_4_4_4_2_003	她的琵琶声夹杂的内力，撼人心弦，曲中似乎许多故事，悲欢离合、酸甜苦辣皆有，如诗、如歌、如泣，纵有温夫人事先提醒，你仍不免被触动感慨，自伤自怜，怔怔落下泪来。 
A-plain	1	LegendInfo/Ch_6_8_2_3_3_002	南宫浅大悲大怒，招数乱无章法，就算实力大增，也不是你对手。 
A-plain	1	LegendInfo/Ch_6_10_1_017	崆峒弟子认为掌派人是奉天承运而生，身系崆峒兴衰大运，与天子无异，帮衬了掌派人，可以换得大好气运，是以无一人抱怨辛苦，反以效劳为荣。 
A-plain	1	LegendInfo/Ch_7_5_6_1_005	敌人多不胜数，四师兄却眉开眼笑，你们只道此人被吓疯了，却原来他采纳了上官萤的意见，早早就把周围十里村镇中小的老旧客栈、空屋通通收购，这群武林人士千里迢迢来找碴，也得有个落脚的地方，要是不想露宿荒郊野岭，就得老实掏钱资敌而浑然不知。 
A-plain	1	LegendInfo/Ch_8_2_5_7_1_007	释明只道唐门再无能手，因此铤而走险，没想到竟低估了你和小梅，躲躲藏藏若干年，没死在掌门手中，却命丧于你两小辈之手，嗟悔无及。 
A-plain	1	LegendInfo/Ch_8_2_5_7_1_008	你见他如此下场，亦不胜唏嘘。那年那夜风雨交加，掌门若当真是魔，推门进去将僧人全数屠戮殆尽又有何难？他早已放下了，释明却还死死纠结不放，三番两次针对唐门，明明可以安享晚年，最终却死于自己的执念。 
A-plain	1	LegendInfo/Ch_8_2_6_2_004	西武林盟方没有抵御手段，人人都手足无措，纷纷去撕布条、将手掩耳朵，試图减轻音波功所害。 
A-plain	1	LegendInfo/Ch_8_3_2_1_3_005	问她山上的情况，她便一五一十说了，你们防线不够周密，趁机流窜上山的敌人不在少数，大院一度岌岌可危，好在最终顺利击退了敌人。 
A-plain	1	LegendInfo/S0017_02_003	此刻天也暗下来，雨也没有止歇的意思，你心下一沉，虽然破庙到处漏雨，地板全是水渍，可是迫于无奈，还是不得已作好夜宿荒庙的准备，只要能不被雨泼醒，那就心满意足了。 
A-plain	1	LegendInfo/S0026_01_05_002	事后你和唐大鲸一起领罚，被二师兄施以「凄聋蛛刑」，双耳被毒到暂时失聪，惨叫声回荡唐家大院，还为同门师兄弟姊妹起到了以儆效尤的作用。 
A-plain	1	LegendInfo/S0703_01_004	你和大师兄交情深厚，那知客弟子却是新来的，和大师兄都没见过几次面，只想西武林盟大会兴办在即，正愁没人助势助威，你却心胸恁地狭小，无奈你手里拿着掌门令牌，就算是代代掌门，权威依然不可冒犯，只得去婉言劝退石公远夫妻。 
A-plain	1	LegendInfo/Ch_2_4_8_6_004	他向来信奉实力，谁的拳头大谁说话就有道理，属于没被打过就不会老实的类型。如今既然给你打了，自然就老实了。 
A-plain	1	LegendInfo/Ch_3_3_1_2_002	卑劣人品使然，你到处翻箱倒柜搜刮一番，反正四下无人，只消偷东西没被抓到，便丝毫不觉得惭愧。 
A-plain	1	LegendInfo/Ch_3_3_1_2_003	翻不到好东西还像别人欠你的，满嘴埋怨，啐了一口唾沫在地上。 
A-plain	1	LegendInfo/Ch_3_1_6_4_010	二人师出同门，同样老地方，人亦是旧人，卅载之前曾经携手，晃眼多年过去，一个成为青城掌门，另一人却成为魔教法王，相顾无言，唯有肃杀之气弥漫空中。 
A-plain	1	Library/Desc/20016	 你瞎眼之后，龙湘十分愧疚，将一身剑法传授给你。你一度凭此扬名于江湖，但是几年以后碰上了狡猾小人，设陷阱害你踏空，随后将你活埋了。
A-plain	1	Position/Dialog/M3001_03_001	赶紧下山找人吧！
A-plain	1	Position/Dialog/Room_2_4_8_002	我才刚被赶出来……又要进去讨骂？
A-plain	1	Story/D_Talk_Girl5_02_02_007	……魏小娘子还真是心善，到这时还关心别人。\n你莫非不知此处最该紧张的，便是你自己吗？\n我若是心存歹意，玄功掌门就要换人了。
A-plain	1	Story/D_7_3_2_8_010	放纵自己才是真正的残忍。\n当局者迷，我要是哪处冒犯了你，还请一定要训诫我。
A-plain	1	Story/D_7_5_6_1_027	三师兄，你这未免有点迂腐了。
A-plain	1	Story/D_8_2_5_6_1_037	你这……我会给你气死！
A-plain	1	Story/D_8_3_1_2_3_050	实话实说罢了，我家乡的官，就是个鱼肉乡里的狗官。
A-plain	1	Story/O_Door_Free_512_003	解锁条件：银两>=10
A-plain	1	Story/O_S0120_01_004	解锁条件：贡献度>=20
A-plain	1	Story/O_Talk_Brother4_02_01_03_002	解锁条件：银两>=2000
A-plain	1	Story/O_Talk_Brother4_02_03_002	解锁条件：银两>=100
A-plain	1	Story/O_2_4_6_2_2_007	解锁条件：轻功>=40
A-plain	1	Story/D_Section_02_02_010	……道长找我，莫非是晚辈干了什么错事吗？
A-plain	1	Story/O_S0208_04_01_07_004	解锁条件：［道德］为［好人］以下且［嘴力］>=40
A-plain	1	Story/D_S0208_04_03_106	……我懂了，这柄小剑该是从前哪位唐门前辈所遗吧。\n锈成这样，怕不有百年历史，已经不能用了。
A-plain	1	Story/O_S0208_04_03_018	解锁条件：［学问］>=40
A-plain	1	Story/O_S0208_04_Break_01_012	解锁条件：［掌门人］好感度>=30
A-plain	1	Story/D_7_5_6_6_020	……？！！
A-plain	1	Story/O_S0030_01_003	解锁条件：心相>=50
A-plain	1	Story/D_Act_2_3_023	这回我就全力以赴吧，来──
A-plain	1	Story/D_Act_2_3_3_014	好，我知道了……。\n即使今日悲痛欲绝，明天依旧会活着。\n即使余生不再有你，我也会忍耐。
A-plain	1	Story/N_Alchemy_Work_502_001	你和别派弟子混熟了，时常聊天。\n虽不能提到毒经秘要，但光是辨识百草、煮药的心得便够他们学了。\n谈到了好些别派有名的灵丹妙药，令你也增长了见闻。
A-plain	1	Story/D_2_2_3_1_Travel_03_Break_01_042	我恨你，大师兄！
A-plain	1	Story/T_2_4_2_006	不过盘缠还是得省着花的，免得真要动身上路时穷得叮当响，	一路直接上西天。
A-plain	1	Story/D_3_13_Break_Start_01_089	赵师兄，此时不在崆峒，事宜从简。\n请你随我到院中，向西叩拜，以示虔诚。\n来日回到崆峒山，再向先掌派人上香。
A-plain	1	Story/T_3_14_2_003	萤儿，原谅我故意说这些不好听的话，赶你离开。\n爷爷曾对我说，你像他亲孙女，若我不懂珍惜，便不要耽误你大好年华
A-plain	1	Story/D_3_16_3_1_021	我方才是胡说的，我谨慎的很。
A-plain	1	Story/D_3_5_1_023	我、我也是这样打算的，不如大家再后退一点，蹲低躲入林中，\n不然我就怕咱们的衣色太显眼了，暴露了行藏。
A-plain	1	Story/D_3_5_3_7_3_024	要说心寒，该是我南宫深。\n据探子回报，你们前一日便到了荆州留宿，清晨出发。\n最多一、二个时辰就到江陵城下，怎么这都向晚了，才姗姗来迟？
A-plain	1	Story/D_3_8_2_2_020	……走了。\n她身法好快，步法精妙，匕法也杂，似是刻意隐藏家数，我看不出所以然来。
A-plain	1	Story/T_3_8_4_1_008	虽说我倾慕于她，可是即便天降神雷，把萤姑娘给劈疯了，\n愿意和我回家，可我那样的家世，又怎能与南宫世家相提并论呢？
A-plain	1	Story/D_4_6_12_020	我虽然不舍得她哭……但是……但是……\n我还是要出门捻花惹草的，哈哈……咳。
A-plain	1	Story/D_5_4_7_3_7_041	她无非是想想告诉你，心急喝不了热茶。\n越是着急，越要头脑冷静。\n失却平常心，便是一杯茶也能埋伏你。
A-plain	1	Story/T_5_4_8_6_008	小妹子，你为何哭了？
A-plain	1	Story/N_5_4_temp_end_001	接续另一路线...
A-plain	1	Story/D_6_10_5_065	三师兄，萤姑娘……萤儿跟上官世家决裂，现在是我的未婚妻子了。
A-plain	1	Story/D_S0014_01_05_063	孺子可教，你要是这样还打不赢，那定是你自己的问题。\n只怕没救了吧，好了，要死就快去吧，我可不护你，别来烦我。
A-plain	1	Story/O_S0017_04_Break_007	说得对
A-plain	1	Story/D_S9903_01_005	目前的贡献门坎是{$var2}
A-plain	1	Story/D_S9903_01_006	你本月的贡献是{$var4}
A-plain	1	System/Start/StartActGame	启程(活动)
A-plain	1	System/Start/Library	讲经堂 
A-plain	1	PlayerTalent/Name/4103	虚张声势 
A-plain	1	PlayerTalent/Desc/9103	大焦热神功。
A-plain	1	Free/Content/Study	听三师兄讲课
B-format	1	BattleSkill/Format/Name	[{0}]
B-format	1	CombatInfo/poison3	毒性累积值：{0}\n累积至150时造成「毒Lv3」异常状态，引发后清空累积值。 
B-format	1	CombatInfo/paralyzed2	麻痹累积值：{0}\n累积至100时造成「麻Lv2」异常状态。 
B-format	1	CombatInfo/paralyzed3	麻痹累积值：{0}\n累积至150时造成「麻Lv3」异常状态，引发后清空累积值。 
B-format	1	UpgradeItemRelationDesc/CombatAttack_001	捅人伤害+{0:N0}  骰子+{1:N0}
B-format	1	UpgradeItemRelationDesc/CombatAttack_002	捅人伤害+{0:N0}  
B-format	1	UpgradeItemRelationDesc/BattleAttack_001	近战伤害{0:N0}  爆击率{1:P0}
B-format	1	UpgradeItemRelationDesc/BattleAttack_101	平射伤害{0:N0}  爆击率{1:P0}
B-format	1	UpgradeItemRelationDesc/BattleAttack_201	抛射伤害{0:N0}  爆击率{1:P0}
B-singlechar	5	Story/O_S0702_01_002	好
B-singlechar	4	Character/chicken1	鸡
B-singlechar	3	Character/snake1	蛇
B-singlechar	3	Character/dog1	狗
B-singlechar	3	Character/wolf1	狼
B-singlechar	3	Story/O_Talk_Brother4_02_01_03_001	买
B-singlechar	3	Story/O_3_1_7_1_002	有
B-singlechar	3	Story/O_0_Meet_Option_04_01_003	你
B-singlechar	2	Story/O_S0020_02_03_004	说
B-singlechar	2	Story/O_3_3_1_2_004	钱
B-singlechar	1	BattleSkill/Brother1/Skill_1_1	唐
B-singlechar	1	BattleSkill/Brother1/Skill_1_2	门
B-singlechar	1	BattleSkill/Brother1/Skill_1_3	暗
B-singlechar	1	BattleSkill/Brother1/Skill_1_4	器
B-singlechar	1	BattleSkill/Brother1/Skill_1_5	总
B-singlechar	1	BattleSkill/Brother1/Skill_1_6	纲
B-singlechar	1	Character/horse1	马
B-singlechar	1	Story/O_S0023_01_02_001	追
B-singlechar	1	Story/O_S0023_01_02_01_001	救
B-singlechar	1	Story/O_S0024_01_01_001	气
B-singlechar	1	Story/O_S0206_01_001	去
B-singlechar	1	Story/O_S3004_01_005	送
B-singlechar	1	Story/O_3_1_6_4_001	动
B-singlechar	1	Story/O_3_1_6_4_3_003	对
B-singlechar	1	Story/O_S0027_01_001	信
B-singlechar	1	Story/O_S0208_02_03_001	死
B-singlechar	1	Story/O_S0208_04_03_004	食
B-singlechar	1	Story/O_S0208_04_03_005	衣
B-singlechar	1	Story/O_S0208_04_03_006	住
B-singlechar	1	Story/O_S0208_04_03_007	行
B-singlechar	1	Story/O_1_2_2_001	要
B-singlechar	1	Story/O_4_6_13_2_002	敢
B-singlechar	1	Story/O_4_9_3_3_Break_002	粥
B-singlechar	1	Story/O_5_2_5_002	多
B-singlechar	1	Story/O_5_4_2_003	赌
B-singlechar	1	Story/O_5_4_7_3_7_005	等
B-singlechar	1	Story/O_S0003_01_001	算
B-singlechar	1	Story/O_S0604_01_001	是
B-singlechar	1	Story/O_S2504_02_003	滚
B-singlechar	1	Story/O_S8300_01_001	惊
B-singlechar	1	Story/O_S8300_01_01_003	喔
B-singlechar	1	System/Title/Alchemy_01	炼
B-singlechar	1	System/Title/Alchemy_02	丹
B-singlechar	1	System/Title/Forge_01	锻
B-singlechar	1	System/Title/Forge_02	造
B-singlechar	1	System/Title/Develop_01	开
B-singlechar	1	System/Title/Develop_02	发
B-singlechar	1	System/Title/Training_01	修
B-singlechar	1	System/Title/Training_02	练
B-singlechar	1	System/Title/Sell_01	卖
B-singlechar	1	System/SaveText_01	储
B-singlechar	1	System/SaveText_02	存
B-singlechar	1	System/DeleteText_01	删
B-singlechar	1	System/DeleteText_02	除
B-singlechar	1	System/NA	无
B-singlechar	1	System/Money2	两
B-singlechar	1	System/BattleFriend	我
B-singlechar	1	System/BattleEnemy	敌
B-singlechar	1	System/BattleStartText_01	出
B-singlechar	1	System/BattleStartText_02	征
B-singlechar	1	System/BattleVictory	胜
B-singlechar	1	System/BattleLose	败
B-singlechar	1	System/Number_0	零
B-singlechar	1	System/Number_1	一
B-singlechar	1	System/Number_2	二
B-singlechar	1	System/Number_3	三
B-singlechar	1	System/Number_4	四
B-singlechar	1	System/Number_5	五
B-singlechar	1	System/Number_6	六
B-singlechar	1	System/Number_7	七
B-singlechar	1	System/Number_8	八
B-singlechar	1	System/Number_9	九
B-singlechar	1	System/Number_10	十
B-singlechar	1	BattleKey/Name/Up	上
B-singlechar	1	BattleKey/Name/Down	下
B-singlechar	1	BattleKey/Name/Left	左
B-singlechar	1	BattleKey/Name/Right	右
